Invoice_id,Branch_id,Customer_id,Product_id,Date,Time,Payment_method,Rating
750-67-8428,A750-67-8428,Member750-67-8428,p1,1/5/2019,13:08,Ewallet,9.1
226-31-3081,C226-31-3081,Normal226-31-3081,p2,3/8/2019,10:29,Cash,9.6
631-41-3108,A631-41-3108,Normal631-41-3108,p3,3/3/2019,13:23,Credit card,7.4
123-19-1176,A123-19-1176,Member123-19-1176,p4,1/27/2019,20:33,Ewallet,8.4
373-73-7910,A373-73-7910,Normal373-73-7910,p5,2/8/2019,10:37,Ewallet,5.3
699-14-3026,C699-14-3026,Normal699-14-3026,p6,3/25/2019,18:30,Ewallet,4.1
355-53-5943,A355-53-5943,Member355-53-5943,p7,2/25/2019,14:36,Ewallet,5.8
315-22-5665,C315-22-5665,Normal315-22-5665,p8,2/24/2019,11:38,Ewallet,8
665-32-9167,A665-32-9167,Member665-32-9167,p9,1/10/2019,17:15,Credit card,7.2
692-92-5582,B692-92-5582,Member692-92-5582,p10,2/20/2019,13:27,Credit card,5.9
351-62-0822,B351-62-0822,Member351-62-0822,p11,2/6/2019,18:07,Ewallet,4.5
529-56-3974,B529-56-3974,Member529-56-3974,p12,3/9/2019,17:03,Cash,6.8
365-64-0515,A365-64-0515,Normal365-64-0515,p13,2/12/2019,10:25,Ewallet,7.1
252-56-2699,A252-56-2699,Normal252-56-2699,p14,2/7/2019,16:48,Ewallet,8.2
829-34-3910,A829-34-3910,Normal829-34-3910,p15,3/29/2019,19:21,Cash,5.7
299-46-1805,B299-46-1805,Member299-46-1805,p16,1/15/2019,16:19,Cash,4.5
656-95-9349,A656-95-9349,Member656-95-9349,p17,3/11/2019,11:03,Credit card,4.6
765-26-6951,A765-26-6951,Normal765-26-6951,p18,1/1/2019,10:39,Credit card,6.9
329-62-1586,A329-62-1586,Normal329-62-1586,p19,1/21/2019,18:00,Credit card,8.6
319-50-3348,B319-50-3348,Normal319-50-3348,p20,3/11/2019,15:30,Ewallet,4.4
300-71-4605,C300-71-4605,Member300-71-4605,p21,2/25/2019,11:24,Ewallet,4.8
371-85-5789,B371-85-5789,Normal371-85-5789,p22,3/5/2019,10:40,Ewallet,5.1
273-16-6619,B273-16-6619,Normal273-16-6619,p23,3/15/2019,12:20,Credit card,4.4
636-48-8204,A636-48-8204,Normal636-48-8204,p24,2/17/2019,11:15,Ewallet,9.9
549-59-1358,A549-59-1358,Member549-59-1358,p25,3/2/2019,17:36,Ewallet,6
227-03-5010,A227-03-5010,Member227-03-5010,p26,3/22/2019,19:20,Credit card,8.5
649-29-6775,B649-29-6775,Normal649-29-6775,p27,2/8/2019,15:31,Cash,6.7
189-17-4241,A189-17-4241,Normal189-17-4241,p28,3/10/2019,12:17,Credit card,7.7
145-94-9061,B145-94-9061,Normal145-94-9061,p29,1/25/2019,19:48,Cash,9.6
848-62-7243,A848-62-7243,Normal848-62-7243,p30,3/15/2019,15:36,Cash,7.4
871-79-8483,B871-79-8483,Normal871-79-8483,p31,2/25/2019,19:39,Credit card,4.8
149-71-6266,B149-71-6266,Member149-71-6266,p32,1/28/2019,12:43,Cash,4.5
640-49-2076,B640-49-2076,Normal640-49-2076,p33,1/10/2019,14:49,Cash,5.1
595-11-5460,A595-11-5460,Normal595-11-5460,p34,3/15/2019,10:12,Credit card,5.1
183-56-6882,C183-56-6882,Member183-56-6882,p35,2/6/2019,10:42,Ewallet,7.5
232-16-2483,C232-16-2483,Member232-16-2483,p36,1/7/2019,12:28,Ewallet,6.8
129-29-8530,A129-29-8530,Member129-29-8530,p37,3/10/2019,19:15,Ewallet,7
272-65-1806,A272-65-1806,Normal272-65-1806,p38,1/15/2019,17:17,Ewallet,4.7
333-73-7901,C333-73-7901,Normal333-73-7901,p39,3/23/2019,13:24,Ewallet,7.6
777-82-7220,B777-82-7220,Member777-82-7220,p40,3/3/2019,13:01,Cash,7.7
280-35-5823,B280-35-5823,Member280-35-5823,p41,1/17/2019,18:45,Ewallet,7.9
554-53-8700,C554-53-8700,Member554-53-8700,p42,2/2/2019,10:11,Cash,6.3
354-25-5821,B354-25-5821,Member354-25-5821,p43,2/8/2019,13:03,Cash,5.6
228-96-1411,C228-96-1411,Member228-96-1411,p44,3/4/2019,20:39,Cash,7.6
617-15-4209,C617-15-4209,Member617-15-4209,p45,3/16/2019,19:47,Cash,7.2
132-32-9879,B132-32-9879,Member132-32-9879,p46,3/9/2019,18:00,Cash,9.5
370-41-7321,B370-41-7321,Member370-41-7321,p47,2/27/2019,17:24,Credit card,8.4
727-46-3608,B727-46-3608,Member727-46-3608,p48,2/6/2019,15:47,Ewallet,4.1
669-54-1719,B669-54-1719,Member669-54-1719,p49,2/10/2019,12:45,Credit card,8.1
574-22-5561,C574-22-5561,Member574-22-5561,p50,3/19/2019,17:08,Ewallet,7.9
326-78-5178,C326-78-5178,Member326-78-5178,p51,2/3/2019,10:19,Cash,9.5
162-48-8011,A162-48-8011,Member162-48-8011,p52,2/10/2019,15:10,Cash,8.5
616-24-2851,B616-24-2851,Member616-24-2851,p53,3/22/2019,14:42,Ewallet,6.5
778-71-5554,C778-71-5554,Member778-71-5554,p54,1/25/2019,15:46,Credit card,6.1
242-55-6721,B242-55-6721,Normal242-55-6721,p55,3/7/2019,11:49,Ewallet,6.5
399-46-5918,C399-46-5918,Normal399-46-5918,p56,2/28/2019,19:01,Cash,8.2
106-35-6779,A106-35-6779,Member106-35-6779,p57,3/27/2019,11:26,Cash,5.8
635-40-6220,A635-40-6220,Normal635-40-6220,p58,2/7/2019,11:28,Ewallet,6.6
817-48-8732,A817-48-8732,Member817-48-8732,p59,1/20/2019,15:55,Cash,5.4
120-06-4233,C120-06-4233,Normal120-06-4233,p60,3/12/2019,20:36,Cash,9.3
285-68-5083,C285-68-5083,Member285-68-5083,p61,2/15/2019,17:47,Credit card,10
803-83-5989,C803-83-5989,Normal803-83-5989,p62,2/24/2019,10:55,Ewallet,7
347-34-2234,B347-34-2234,Member347-34-2234,p63,2/3/2019,13:40,Ewallet,10
199-75-8169,A199-75-8169,Member199-75-8169,p64,3/6/2019,12:27,Credit card,8.6
853-23-2453,B853-23-2453,Member853-23-2453,p65,2/14/2019,14:35,Cash,7.6
877-22-3308,A877-22-3308,Member877-22-3308,p66,3/13/2019,16:40,Cash,5.8
838-78-4295,C838-78-4295,Normal838-78-4295,p67,2/10/2019,15:43,Ewallet,6.7
109-28-2512,B109-28-2512,Member109-28-2512,p68,1/7/2019,15:01,Ewallet,9.9
232-11-3025,A232-11-3025,Normal232-11-3025,p69,1/24/2019,10:04,Cash,6.4
382-03-4532,A382-03-4532,Member382-03-4532,p70,2/2/2019,18:50,Cash,4.3
393-65-2792,C393-65-2792,Normal393-65-2792,p71,1/6/2019,12:46,Credit card,9.6
796-12-2025,C796-12-2025,Normal796-12-2025,p72,2/11/2019,16:19,Cash,5.9
510-95-6347,B510-95-6347,Member510-95-6347,p73,3/5/2019,18:17,Ewallet,4
841-35-6630,C841-35-6630,Normal841-35-6630,p74,3/9/2019,18:21,Cash,8.7
287-21-9091,A287-21-9091,Normal287-21-9091,p75,1/22/2019,10:55,Ewallet,9.4
732-94-0499,C732-94-0499,Normal732-94-0499,p76,1/13/2019,17:04,Credit card,5.4
263-10-3913,C263-10-3913,Member263-10-3913,p77,1/9/2019,14:20,Credit card,8.6
381-20-0914,A381-20-0914,Member381-20-0914,p78,1/12/2019,15:48,Credit card,5.7
829-49-1914,C829-49-1914,Member829-49-1914,p79,3/5/2019,16:24,Ewallet,6.6
756-01-7507,C756-01-7507,Normal756-01-7507,p80,1/22/2019,18:56,Cash,6
870-72-4431,C870-72-4431,Normal870-72-4431,p81,1/21/2019,14:42,Credit card,5.5
847-38-7188,B847-38-7188,Normal847-38-7188,p82,1/26/2019,19:56,Ewallet,6.4
480-63-2856,C480-63-2856,Normal480-63-2856,p83,1/23/2019,18:37,Ewallet,6.6
787-56-0757,C787-56-0757,Member787-56-0757,p84,2/23/2019,18:45,Credit card,8.3
360-39-5055,C360-39-5055,Member360-39-5055,p85,3/9/2019,10:17,Cash,6.6
730-50-9884,C730-50-9884,Normal730-50-9884,p86,3/5/2019,14:31,Ewallet,4
362-58-8315,C362-58-8315,Normal362-58-8315,p87,3/25/2019,10:23,Cash,9.9
633-44-8566,A633-44-8566,Member633-44-8566,p88,3/27/2019,20:35,Credit card,7.3
504-35-8843,A504-35-8843,Normal504-35-8843,p89,1/2/2019,16:57,Cash,5.7
318-68-5053,B318-68-5053,Normal318-68-5053,p90,2/27/2019,17:55,Cash,6.1
565-80-5980,C565-80-5980,Member565-80-5980,p91,1/23/2019,10:25,Cash,7.1
225-32-0908,C225-32-0908,Normal225-32-0908,p92,1/26/2019,19:54,Ewallet,8.2
873-51-0671,A873-51-0671,Member873-51-0671,p93,1/10/2019,16:42,Ewallet,5.1
152-08-9985,B152-08-9985,Member152-08-9985,p94,3/12/2019,12:09,Credit card,8.6
512-91-0811,C512-91-0811,Normal512-91-0811,p95,2/6/2019,20:05,Credit card,6.6
594-34-4444,A594-34-4444,Normal594-34-4444,p96,3/8/2019,20:38,Ewallet,7.2
766-85-7061,B766-85-7061,Normal766-85-7061,p97,3/29/2019,10:25,Ewallet,5.1
871-39-9221,C871-39-9221,Normal871-39-9221,p98,2/9/2019,13:11,Cash,4.1
865-92-6136,A865-92-6136,Normal865-92-6136,p99,3/23/2019,10:16,Ewallet,9.3
733-01-9107,B733-01-9107,Normal733-01-9107,p100,3/5/2019,18:14,Cash,7.4
163-56-7055,C163-56-7055,Member163-56-7055,p101,3/26/2019,19:20,Cash,4.1
189-98-2939,C189-98-2939,Normal189-98-2939,p102,3/1/2019,13:22,Cash,7.2
551-21-3069,C551-21-3069,Normal551-21-3069,p103,2/1/2019,11:27,Cash,4.9
212-62-1842,A212-62-1842,Normal212-62-1842,p104,3/28/2019,16:44,Cash,9.9
716-39-1409,B716-39-1409,Normal716-39-1409,p105,3/19/2019,18:19,Cash,8
704-48-3927,A704-48-3927,Member704-48-3927,p106,1/12/2019,14:50,Ewallet,7.3
628-34-3388,C628-34-3388,Normal628-34-3388,p107,1/5/2019,20:54,Credit card,7.9
630-74-5166,A630-74-5166,Normal630-74-5166,p108,3/22/2019,20:19,Cash,7.4
588-01-7461,C588-01-7461,Normal588-01-7461,p109,3/24/2019,10:43,Cash,4.2
861-77-0145,C861-77-0145,Member861-77-0145,p110,3/3/2019,14:30,Cash,9.2
479-26-8945,B479-26-8945,Member479-26-8945,p111,2/5/2019,11:32,Ewallet,4.6
210-67-5886,C210-67-5886,Member210-67-5886,p112,2/5/2019,10:41,Credit card,7.8
227-78-1148,B227-78-1148,Normal227-78-1148,p113,2/15/2019,12:44,Cash,8.4
645-44-1170,A645-44-1170,Member645-44-1170,p114,1/19/2019,20:07,Ewallet,4.3
237-01-6122,C237-01-6122,Member237-01-6122,p115,2/1/2019,20:31,Credit card,9.5
225-98-1496,C225-98-1496,Normal225-98-1496,p116,3/2/2019,13:01,Credit card,7.1
291-32-1427,B291-32-1427,Member291-32-1427,p117,3/5/2019,12:29,Ewallet,5.3
659-65-8956,B659-65-8956,Member659-65-8956,p118,1/16/2019,15:26,Ewallet,5.2
642-32-2990,A642-32-2990,Normal642-32-2990,p119,2/2/2019,20:48,Ewallet,6
378-24-2715,B378-24-2715,Normal378-24-2715,p120,1/20/2019,20:38,Ewallet,4.1
638-60-7125,A638-60-7125,Normal638-60-7125,p121,2/14/2019,17:03,Credit card,5.2
659-36-1684,C659-36-1684,Member659-36-1684,p122,1/12/2019,12:02,Credit card,6.5
219-22-9386,B219-22-9386,Member219-22-9386,p123,3/9/2019,17:26,Credit card,4.2
336-78-2147,C336-78-2147,Member336-78-2147,p124,3/13/2019,19:52,Credit card,4.6
268-27-6179,B268-27-6179,Member268-27-6179,p125,3/9/2019,14:57,Ewallet,7.3
668-90-8900,A668-90-8900,Normal668-90-8900,p126,3/10/2019,18:44,Credit card,4.5
870-54-3162,A870-54-3162,Normal870-54-3162,p127,1/27/2019,13:26,Cash,9
189-08-9157,C189-08-9157,Normal189-08-9157,p128,1/8/2019,16:17,Credit card,5.9
663-86-9076,C663-86-9076,Member663-86-9076,p129,1/8/2019,15:57,Ewallet,8.5
549-84-7482,B549-84-7482,Normal549-84-7482,p130,2/8/2019,11:15,Ewallet,7.2
191-10-6171,B191-10-6171,Normal191-10-6171,p131,1/25/2019,13:18,Cash,7.5
802-70-5316,A802-70-5316,Member802-70-5316,p132,3/6/2019,20:34,Cash,8.3
695-51-0018,B695-51-0018,Normal695-51-0018,p133,2/10/2019,18:36,Cash,7.4
590-83-4591,B590-83-4591,Member590-83-4591,p134,2/17/2019,14:40,Credit card,8.8
483-71-1164,C483-71-1164,Normal483-71-1164,p135,3/8/2019,16:43,Ewallet,5.3
597-78-7908,C597-78-7908,Normal597-78-7908,p136,2/18/2019,19:39,Cash,6.2
700-81-1757,A700-81-1757,Normal700-81-1757,p137,1/18/2019,20:59,Credit card,8.8
354-39-5160,A354-39-5160,Member354-39-5160,p138,2/18/2019,15:39,Cash,9.8
241-72-9525,B241-72-9525,Normal241-72-9525,p139,2/16/2019,12:21,Cash,8.2
575-30-8091,A575-30-8091,Normal575-30-8091,p140,3/16/2019,19:25,Ewallet,9.2
731-81-9469,C731-81-9469,Member731-81-9469,p141,1/23/2019,13:00,Credit card,5.4
280-17-4359,C280-17-4359,Member280-17-4359,p142,1/25/2019,13:48,Cash,8.1
338-65-2210,C338-65-2210,Member338-65-2210,p143,2/5/2019,19:57,Cash,9.1
488-25-4221,C488-25-4221,Member488-25-4221,p144,2/22/2019,10:36,Credit card,8.4
239-10-7476,A239-10-7476,Normal239-10-7476,p145,1/21/2019,16:37,Ewallet,8
458-41-1477,C458-41-1477,Normal458-41-1477,p146,3/8/2019,17:11,Credit card,9.5
685-64-1609,A685-64-1609,Member685-64-1609,p147,2/10/2019,12:28,Ewallet,9.2
568-90-5112,C568-90-5112,Normal568-90-5112,p148,3/19/2019,12:46,Credit card,5.6
262-47-2794,B262-47-2794,Member262-47-2794,p149,3/6/2019,15:07,Credit card,6.2
238-49-0436,A238-49-0436,Normal238-49-0436,p150,3/27/2019,13:48,Credit card,4.9
608-96-3517,B608-96-3517,Member608-96-3517,p151,3/23/2019,19:20,Credit card,4.8
584-86-7256,C584-86-7256,Member584-86-7256,p152,3/11/2019,16:07,Credit card,7.3
746-94-0204,A746-94-0204,Normal746-94-0204,p153,1/29/2019,11:56,Credit card,7.4
214-17-6927,C214-17-6927,Normal214-17-6927,p154,2/7/2019,18:23,Ewallet,9.9
400-89-4171,C400-89-4171,Normal400-89-4171,p155,1/28/2019,13:05,Cash,9.3
782-95-9291,A782-95-9291,Member782-95-9291,p156,2/20/2019,15:55,Credit card,9
279-74-2924,B279-74-2924,Member279-74-2924,p157,1/4/2019,19:40,Cash,6.1
307-85-2293,B307-85-2293,Normal307-85-2293,p158,3/7/2019,13:58,Ewallet,9.7
743-04-1105,B743-04-1105,Member743-04-1105,p159,3/30/2019,14:43,Ewallet,6
423-57-2993,B423-57-2993,Normal423-57-2993,p160,3/27/2019,19:18,Ewallet,10
894-41-5205,C894-41-5205,Normal894-41-5205,p161,1/19/2019,19:39,Credit card,8.3
275-28-0149,A275-28-0149,Normal275-28-0149,p162,2/25/2019,16:21,Cash,6
101-17-6199,A101-17-6199,Normal101-17-6199,p163,3/13/2019,19:44,Credit card,7
423-80-0988,C423-80-0988,Normal423-80-0988,p164,1/30/2019,19:42,Ewallet,6.5
548-46-9322,B548-46-9322,Normal548-46-9322,p165,2/20/2019,15:24,Credit card,5.9
505-02-0892,B505-02-0892,Member505-02-0892,p166,2/25/2019,14:12,Ewallet,5.6
234-65-2137,C234-65-2137,Normal234-65-2137,p167,1/16/2019,13:32,Cash,4.8
687-47-8271,A687-47-8271,Normal687-47-8271,p168,2/8/2019,16:20,Credit card,8.7
796-32-9050,A796-32-9050,Normal796-32-9050,p169,1/19/2019,16:31,Cash,6.5
105-31-1824,A105-31-1824,Member105-31-1824,p170,2/1/2019,15:10,Credit card,8.5
249-42-3782,A249-42-3782,Normal249-42-3782,p171,1/3/2019,11:36,Ewallet,5.5
316-55-4634,B316-55-4634,Member316-55-4634,p172,1/26/2019,12:45,Credit card,9.4
733-33-4967,C733-33-4967,Normal733-33-4967,p173,3/3/2019,19:17,Cash,6.3
608-27-6295,B608-27-6295,Member608-27-6295,p174,1/19/2019,17:34,Credit card,9.8
414-12-7047,B414-12-7047,Normal414-12-7047,p175,1/18/2019,12:04,Ewallet,8.7
827-26-2100,A827-26-2100,Member827-26-2100,p176,3/21/2019,16:21,Ewallet,8.8
175-54-2529,A175-54-2529,Member175-54-2529,p177,3/3/2019,17:01,Credit card,9.6
139-52-2867,C139-52-2867,Normal139-52-2867,p178,2/13/2019,10:50,Credit card,4.8
407-63-8975,A407-63-8975,Normal407-63-8975,p179,3/23/2019,19:16,Ewallet,4.4
342-65-4817,C342-65-4817,Member342-65-4817,p180,1/28/2019,16:47,Ewallet,9.9
130-98-8941,C130-98-8941,Normal130-98-8941,p181,2/9/2019,10:00,Cash,5.7
434-83-9547,C434-83-9547,Member434-83-9547,p182,1/23/2019,11:51,Cash,7.7
851-28-6367,A851-28-6367,Member851-28-6367,p183,3/23/2019,10:55,Ewallet,8
824-88-3614,C824-88-3614,Normal824-88-3614,p184,1/25/2019,15:00,Ewallet,5.7
586-25-0848,A586-25-0848,Normal586-25-0848,p185,3/4/2019,11:19,Credit card,6.7
895-66-0685,B895-66-0685,Member895-66-0685,p186,3/5/2019,19:46,Ewallet,8
305-14-0245,B305-14-0245,Member305-14-0245,p187,3/3/2019,19:00,Ewallet,7.5
732-04-5373,B732-04-5373,Member732-04-5373,p188,2/8/2019,10:53,Cash,7
400-60-7251,A400-60-7251,Normal400-60-7251,p189,2/10/2019,12:50,Ewallet,9.9
593-65-1552,C593-65-1552,Normal593-65-1552,p190,1/28/2019,20:50,Credit card,5.9
284-34-9626,B284-34-9626,Normal284-34-9626,p191,2/11/2019,10:39,Credit card,7.2
437-58-8131,B437-58-8131,Normal437-58-8131,p192,1/15/2019,13:41,Ewallet,4.6
286-43-6208,C286-43-6208,Normal286-43-6208,p193,3/16/2019,19:08,Cash,9.2
641-43-2399,B641-43-2399,Normal641-43-2399,p194,1/26/2019,20:23,Ewallet,5.7
831-07-6050,A831-07-6050,Normal831-07-6050,p195,3/19/2019,11:30,Credit card,9.9
556-86-3144,C556-86-3144,Member556-86-3144,p196,1/13/2019,19:30,Cash,5
848-24-9445,C848-24-9445,Member848-24-9445,p197,3/26/2019,18:03,Cash,4.9
856-22-8149,A856-22-8149,Normal856-22-8149,p198,3/23/2019,10:13,Ewallet,6.1
699-01-4164,C699-01-4164,Normal699-01-4164,p199,3/12/2019,19:58,Credit card,8.2
420-11-4919,C420-11-4919,Member420-11-4919,p200,2/17/2019,19:57,Credit card,5.5
606-80-4905,C606-80-4905,Member606-80-4905,p201,1/29/2019,10:01,Credit card,6.8
542-41-0513,B542-41-0513,Member542-41-0513,p202,3/15/2019,11:57,Cash,6.6
426-39-2418,C426-39-2418,Normal426-39-2418,p203,1/14/2019,10:02,Cash,9.8
875-46-5808,B875-46-5808,Member875-46-5808,p204,2/6/2019,14:51,Ewallet,8.7
394-43-4238,B394-43-4238,Member394-43-4238,p205,2/15/2019,12:42,Credit card,5.4
749-24-1565,A749-24-1565,Normal749-24-1565,p206,1/3/2019,12:02,Ewallet,7.9
672-51-8681,C672-51-8681,Member672-51-8681,p207,1/4/2019,18:19,Credit card,9.7
263-87-5680,C263-87-5680,Member263-87-5680,p208,3/18/2019,17:38,Ewallet,7.8
573-58-9734,B573-58-9734,Normal573-58-9734,p209,3/28/2019,13:41,Ewallet,5.1
817-69-8206,B817-69-8206,Normal817-69-8206,p210,3/2/2019,19:42,Credit card,6.5
888-02-0338,A888-02-0338,Normal888-02-0338,p211,1/25/2019,20:24,Ewallet,5.9
677-11-0152,C677-11-0152,Normal677-11-0152,p212,1/16/2019,18:08,Cash,8.8
142-63-6033,B142-63-6033,Normal142-63-6033,p213,3/20/2019,19:17,Ewallet,4.9
656-16-1063,B656-16-1063,Normal656-16-1063,p214,1/4/2019,13:24,Credit card,4.4
891-58-8335,B891-58-8335,Member891-58-8335,p215,3/11/2019,15:53,Cash,6.5
802-43-8934,A802-43-8934,Normal802-43-8934,p216,3/22/2019,15:05,Credit card,8.3
560-30-5617,B560-30-5617,Normal560-30-5617,p217,3/24/2019,18:27,Cash,8.5
319-74-2561,A319-74-2561,Member319-74-2561,p218,2/21/2019,16:55,Cash,5.5
549-03-9315,B549-03-9315,Normal549-03-9315,p219,2/12/2019,12:58,Ewallet,8.7
790-29-1172,B790-29-1172,Normal790-29-1172,p220,3/10/2019,18:59,Credit card,7.9
239-36-3640,B239-36-3640,Normal239-36-3640,p221,1/31/2019,13:44,Ewallet,6.1
468-01-2051,B468-01-2051,Normal468-01-2051,p222,3/6/2019,13:46,Ewallet,5.4
389-25-3394,C389-25-3394,Normal389-25-3394,p223,2/17/2019,18:06,Cash,9.4
279-62-1445,C279-62-1445,Member279-62-1445,p224,2/21/2019,12:38,Cash,8.2
213-72-6612,A213-72-6612,Normal213-72-6612,p225,3/20/2019,15:56,Cash,6.2
746-68-6593,C746-68-6593,Member746-68-6593,p226,1/11/2019,14:29,Credit card,9.7
836-82-5858,B836-82-5858,Member836-82-5858,p227,1/26/2019,19:14,Ewallet,4
583-72-1480,C583-72-1480,Member583-72-1480,p228,1/31/2019,16:24,Ewallet,9.7
466-61-5506,B466-61-5506,Member466-61-5506,p229,2/26/2019,10:52,Cash,5.3
721-86-6247,A721-86-6247,Normal721-86-6247,p230,3/11/2019,12:55,Ewallet,7.4
289-65-5721,B289-65-5721,Normal289-65-5721,p231,1/26/2019,19:28,Cash,6.5
545-46-3100,B545-46-3100,Member545-46-3100,p232,3/12/2019,13:52,Credit card,8.7
418-02-5978,B418-02-5978,Normal418-02-5978,p233,2/11/2019,10:54,Cash,8
269-04-5750,B269-04-5750,Member269-04-5750,p234,2/21/2019,18:31,Cash,6.7
157-13-5295,A157-13-5295,Member157-13-5295,p235,3/9/2019,18:24,Ewallet,6.5
645-78-8093,A645-78-8093,Normal645-78-8093,p236,1/20/2019,18:09,Ewallet,4.1
211-30-9270,C211-30-9270,Normal211-30-9270,p237,1/28/2019,15:16,Credit card,4.9
755-12-3214,C755-12-3214,Member755-12-3214,p238,3/5/2019,17:07,Credit card,8.6
346-84-3103,B346-84-3103,Member346-84-3103,p239,3/2/2019,19:26,Cash,4.3
478-06-7835,A478-06-7835,Normal478-06-7835,p240,1/11/2019,11:20,Ewallet,4.9
540-11-4336,A540-11-4336,Normal540-11-4336,p241,1/11/2019,16:49,Credit card,5.6
448-81-5016,A448-81-5016,Normal448-81-5016,p242,3/11/2019,12:01,Credit card,5.8
142-72-4741,C142-72-4741,Member142-72-4741,p243,2/28/2019,18:37,Credit card,6
217-58-1179,A217-58-1179,Member217-58-1179,p244,1/5/2019,11:25,Cash,4.2
376-02-8238,B376-02-8238,Normal376-02-8238,p245,2/2/2019,18:42,Credit card,8.3
530-90-9855,A530-90-9855,Member530-90-9855,p246,1/1/2019,14:47,Cash,5.7
866-05-7563,B866-05-7563,Member866-05-7563,p247,2/9/2019,19:43,Cash,4.8
604-70-6476,A604-70-6476,Member604-70-6476,p248,1/23/2019,14:04,Ewallet,6.8
799-71-1548,A799-71-1548,Member799-71-1548,p249,1/7/2019,16:11,Credit card,8.8
785-13-7708,B785-13-7708,Normal785-13-7708,p250,1/14/2019,19:06,Credit card,4.2
845-51-0542,B845-51-0542,Member845-51-0542,p251,2/2/2019,15:34,Ewallet,6.4
662-47-5456,C662-47-5456,Member662-47-5456,p252,3/17/2019,19:06,Credit card,8.4
883-17-4236,C883-17-4236,Normal883-17-4236,p253,3/2/2019,19:44,Credit card,7.2
290-68-2984,A290-68-2984,Normal290-68-2984,p254,3/16/2019,11:22,Cash,5.2
704-11-6354,A704-11-6354,Member704-11-6354,p255,1/6/2019,11:23,Cash,8.9
110-48-7033,B110-48-7033,Member110-48-7033,p256,1/29/2019,14:12,Cash,9
366-93-0948,A366-93-0948,Member366-93-0948,p257,1/31/2019,10:46,Credit card,9.7
729-09-9681,A729-09-9681,Member729-09-9681,p258,2/5/2019,10:16,Ewallet,8.7
151-16-1484,A151-16-1484,Member151-16-1484,p259,2/13/2019,12:38,Ewallet,6.5
380-94-4661,C380-94-4661,Member380-94-4661,p260,2/7/2019,13:05,Credit card,6.9
850-41-9669,A850-41-9669,Normal850-41-9669,p261,3/19/2019,13:25,Ewallet,6.2
821-07-3596,C821-07-3596,Normal821-07-3596,p262,3/7/2019,14:53,Ewallet,5.6
655-85-5130,B655-85-5130,Member655-85-5130,p263,3/13/2019,19:22,Cash,5.7
447-15-7839,A447-15-7839,Member447-15-7839,p264,2/9/2019,11:00,Cash,4.2
154-74-7179,B154-74-7179,Normal154-74-7179,p265,2/26/2019,19:24,Ewallet,7.9
253-12-6086,A253-12-6086,Member253-12-6086,p266,3/12/2019,12:43,Credit card,8.7
808-65-0703,C808-65-0703,Normal808-65-0703,p267,3/14/2019,17:22,Credit card,6.9
571-94-0759,B571-94-0759,Member571-94-0759,p268,1/8/2019,20:55,Cash,9.5
144-51-6085,A144-51-6085,Member144-51-6085,p269,1/5/2019,16:05,Credit card,4.4
731-14-2199,A731-14-2199,Member731-14-2199,p270,1/4/2019,13:34,Ewallet,7
783-09-1637,B783-09-1637,Normal783-09-1637,p271,3/6/2019,18:13,Ewallet,6.3
687-15-1097,C687-15-1097,Member687-15-1097,p272,1/3/2019,19:17,Cash,9.7
126-54-1082,A126-54-1082,Member126-54-1082,p273,1/7/2019,11:44,Credit card,8.8
633-91-1052,A633-91-1052,Normal633-91-1052,p274,1/27/2019,15:51,Cash,5.1
477-24-6490,B477-24-6490,Normal477-24-6490,p275,2/26/2019,16:52,Ewallet,7.9
566-19-5475,B566-19-5475,Normal566-19-5475,p276,1/7/2019,20:52,Cash,6.2
526-86-8552,C526-86-8552,Member526-86-8552,p277,1/7/2019,17:36,Cash,7.1
376-56-3573,C376-56-3573,Normal376-56-3573,p278,2/2/2019,13:23,Ewallet,6.4
537-72-0426,C537-72-0426,Member537-72-0426,p279,3/20/2019,16:28,Cash,5.7
828-61-5674,A828-61-5674,Member828-61-5674,p280,3/20/2019,19:57,Credit card,9.6
136-08-6195,A136-08-6195,Normal136-08-6195,p281,2/15/2019,17:01,Credit card,6.4
523-38-0215,C523-38-0215,Normal523-38-0215,p282,3/6/2019,13:29,Credit card,7.9
490-29-1201,A490-29-1201,Normal490-29-1201,p283,1/6/2019,11:09,Cash,6.5
667-92-0055,A667-92-0055,Member667-92-0055,p284,3/4/2019,15:02,Ewallet,8.5
565-17-3836,A565-17-3836,Member565-17-3836,p285,3/12/2019,14:21,Cash,9.1
498-41-1961,B498-41-1961,Normal498-41-1961,p286,2/20/2019,18:01,Cash,7.6
593-95-4461,C593-95-4461,Member593-95-4461,p287,3/24/2019,14:49,Cash,6.9
226-71-3580,C226-71-3580,Normal226-71-3580,p288,1/31/2019,12:02,Cash,9.5
283-79-9594,B283-79-9594,Normal283-79-9594,p289,1/25/2019,13:30,Credit card,5.2
430-60-3493,A430-60-3493,Member430-60-3493,p290,2/3/2019,14:38,Cash,4.2
139-20-0155,B139-20-0155,Member139-20-0155,p291,1/24/2019,17:37,Credit card,7
558-80-4082,C558-80-4082,Normal558-80-4082,p292,3/14/2019,17:20,Ewallet,6
278-97-7759,A278-97-7759,Member278-97-7759,p293,2/18/2019,20:29,Cash,4.7
316-68-6352,A316-68-6352,Member316-68-6352,p294,1/21/2019,10:00,Cash,7.1
585-03-5943,B585-03-5943,Normal585-03-5943,p295,3/13/2019,11:46,Ewallet,5.9
211-05-0490,C211-05-0490,Member211-05-0490,p296,3/3/2019,13:42,Cash,7.5
727-75-6477,C727-75-6477,Normal727-75-6477,p297,3/29/2019,14:44,Cash,6.4
744-02-5987,A744-02-5987,Member744-02-5987,p298,1/10/2019,14:16,Ewallet,5.8
307-83-9164,A307-83-9164,Member307-83-9164,p299,1/25/2019,15:54,Cash,4.5
779-06-0012,C779-06-0012,Member779-06-0012,p300,1/19/2019,10:21,Cash,7.7
446-47-6729,C446-47-6729,Normal446-47-6729,p301,1/2/2019,18:09,Credit card,6.7
573-10-3877,B573-10-3877,Member573-10-3877,p302,3/12/2019,16:46,Credit card,4.7
735-06-4124,C735-06-4124,Normal735-06-4124,p303,2/25/2019,15:31,Cash,4.4
439-54-7422,A439-54-7422,Normal439-54-7422,p304,3/18/2019,17:15,Credit card,4.7
396-90-2219,B396-90-2219,Normal396-90-2219,p305,2/23/2019,12:29,Cash,8.6
411-77-0180,A411-77-0180,Member411-77-0180,p306,3/26/2019,20:14,Ewallet,4.3
286-01-5402,A286-01-5402,Normal286-01-5402,p307,3/30/2019,13:22,Cash,9.6
803-17-8013,A803-17-8013,Member803-17-8013,p308,2/17/2019,17:09,Cash,4.1
512-98-1403,A512-98-1403,Member512-98-1403,p309,3/21/2019,10:40,Ewallet,4.7
848-42-2560,A848-42-2560,Normal848-42-2560,p310,3/5/2019,17:43,Cash,7.8
532-59-7201,B532-59-7201,Member532-59-7201,p311,1/31/2019,14:04,Cash,5.5
181-94-6432,C181-94-6432,Member181-94-6432,p312,2/5/2019,19:05,Ewallet,9.7
870-76-1733,A870-76-1733,Member870-76-1733,p313,2/1/2019,10:08,Credit card,4.4
423-64-4619,A423-64-4619,Member423-64-4619,p314,3/7/2019,13:12,Cash,5
227-07-4446,C227-07-4446,Member227-07-4446,p315,2/10/2019,20:51,Cash,4.4
174-36-3675,C174-36-3675,Member174-36-3675,p316,2/14/2019,17:29,Cash,5.2
428-83-5800,C428-83-5800,Member428-83-5800,p317,2/9/2019,10:25,Cash,7.3
603-07-0961,C603-07-0961,Member603-07-0961,p318,1/10/2019,11:34,Cash,4.9
704-20-4138,C704-20-4138,Member704-20-4138,p319,3/11/2019,18:58,Credit card,8.1
787-15-1757,C787-15-1757,Member787-15-1757,p320,2/18/2019,16:28,Ewallet,8.4
649-11-3678,C649-11-3678,Normal649-11-3678,p321,2/26/2019,20:26,Cash,5.5
622-20-1945,C622-20-1945,Normal622-20-1945,p322,1/18/2019,15:08,Cash,8.4
372-94-8041,A372-94-8041,Normal372-94-8041,p323,2/15/2019,18:03,Ewallet,9.8
563-91-7120,A563-91-7120,Normal563-91-7120,p324,3/8/2019,13:21,Cash,6.7
746-54-5508,A746-54-5508,Normal746-54-5508,p325,1/17/2019,12:48,Credit card,9.4
276-54-0879,B276-54-0879,Normal276-54-0879,p326,3/12/2019,19:53,Ewallet,6.4
815-11-1168,A815-11-1168,Member815-11-1168,p327,3/9/2019,19:09,Cash,5.4
719-76-3868,C719-76-3868,Member719-76-3868,p328,3/12/2019,16:30,Cash,8.6
730-61-8757,B730-61-8757,Member730-61-8757,p329,1/25/2019,10:11,Credit card,4
340-66-0321,A340-66-0321,Member340-66-0321,p330,3/25/2019,13:07,Cash,7.6
868-81-1752,B868-81-1752,Normal868-81-1752,p331,2/7/2019,18:48,Cash,6.8
634-97-8956,A634-97-8956,Normal634-97-8956,p332,2/17/2019,17:27,Credit card,9.1
566-71-1091,A566-71-1091,Normal566-71-1091,p333,2/3/2019,15:59,Cash,5.5
442-48-3607,A442-48-3607,Member442-48-3607,p334,3/14/2019,11:21,Credit card,7.9
835-16-0096,C835-16-0096,Member835-16-0096,p335,3/24/2019,13:48,Ewallet,8.5
527-09-6272,A527-09-6272,Member527-09-6272,p336,3/21/2019,10:17,Credit card,9.1
898-04-2717,A898-04-2717,Normal898-04-2717,p337,3/19/2019,15:49,Ewallet,7.5
692-27-8933,B692-27-8933,Normal692-27-8933,p338,2/24/2019,13:02,Cash,5.2
633-09-3463,C633-09-3463,Normal633-09-3463,p339,3/28/2019,12:58,Credit card,9.5
374-17-3652,B374-17-3652,Member374-17-3652,p340,2/5/2019,15:26,Credit card,8.9
378-07-7001,B378-07-7001,Member378-07-7001,p341,2/10/2019,18:23,Credit card,7.8
433-75-6987,B433-75-6987,Member433-75-6987,p342,3/5/2019,19:06,Ewallet,8.9
873-95-4984,B873-95-4984,Member873-95-4984,p343,2/15/2019,20:21,Cash,7.7
416-13-5917,C416-13-5917,Normal416-13-5917,p344,1/30/2019,16:24,Ewallet,9.3
150-89-8043,A150-89-8043,Normal150-89-8043,p345,2/14/2019,15:04,Cash,6.2
135-84-8019,A135-84-8019,Normal135-84-8019,p346,2/27/2019,16:10,Ewallet,7.6
441-94-7118,A441-94-7118,Member441-94-7118,p347,2/4/2019,12:14,Cash,7.3
725-96-3778,C725-96-3778,Member725-96-3778,p348,1/20/2019,10:13,Cash,4.7
531-80-1784,A531-80-1784,Normal531-80-1784,p349,3/28/2019,17:38,Cash,5.1
400-45-1220,B400-45-1220,Normal400-45-1220,p350,2/27/2019,11:06,Credit card,4.8
860-79-0874,C860-79-0874,Member860-79-0874,p351,2/15/2019,14:53,Credit card,6.6
834-61-8124,A834-61-8124,Normal834-61-8124,p352,1/26/2019,18:22,Cash,5.5
115-99-4379,B115-99-4379,Member115-99-4379,p353,3/14/2019,19:02,Credit card,8.5
565-67-6697,B565-67-6697,Member565-67-6697,p354,3/2/2019,14:16,Cash,4.8
320-49-6392,C320-49-6392,Normal320-49-6392,p355,3/4/2019,15:44,Cash,8.4
889-04-9723,B889-04-9723,Member889-04-9723,p356,1/7/2019,12:20,Credit card,7.8
632-90-0281,C632-90-0281,Normal632-90-0281,p357,3/8/2019,20:01,Credit card,9.3
554-42-2417,C554-42-2417,Normal554-42-2417,p358,1/9/2019,13:45,Cash,5.2
453-63-6187,B453-63-6187,Normal453-63-6187,p359,3/1/2019,15:40,Ewallet,6.5
578-80-7669,B578-80-7669,Normal578-80-7669,p360,3/16/2019,16:58,Cash,5.6
612-36-5536,A612-36-5536,Member612-36-5536,p361,2/17/2019,11:12,Credit card,7.4
605-72-4132,C605-72-4132,Normal605-72-4132,p362,2/27/2019,15:12,Cash,9.1
471-41-2823,C471-41-2823,Normal471-41-2823,p363,3/7/2019,20:37,Ewallet,8
462-67-9126,A462-67-9126,Normal462-67-9126,p364,1/21/2019,17:44,Cash,7.2
272-27-9238,C272-27-9238,Normal272-27-9238,p365,2/19/2019,16:23,Cash,7.1
834-25-9262,C834-25-9262,Normal834-25-9262,p366,1/6/2019,12:12,Cash,9.1
122-61-9553,C122-61-9553,Normal122-61-9553,p367,3/14/2019,19:33,Cash,5.6
468-88-0009,A468-88-0009,Member468-88-0009,p368,3/24/2019,10:29,Cash,6
613-59-9758,C613-59-9758,Normal613-59-9758,p369,1/27/2019,14:28,Cash,5.4
254-31-0042,A254-31-0042,Member254-31-0042,p370,3/6/2019,12:46,Credit card,7.8
201-86-2184,B201-86-2184,Member201-86-2184,p371,2/2/2019,19:40,Cash,9.9
261-12-8671,B261-12-8671,Normal261-12-8671,p372,1/25/2019,19:39,Credit card,4.9
730-70-9830,C730-70-9830,Normal730-70-9830,p373,3/14/2019,17:54,Ewallet,5.2
382-25-8917,C382-25-8917,Normal382-25-8917,p374,1/29/2019,12:25,Cash,8.9
422-29-8786,A422-29-8786,Normal422-29-8786,p375,1/3/2019,16:47,Credit card,9.1
667-23-5919,A667-23-5919,Member667-23-5919,p376,1/14/2019,12:52,Ewallet,7
843-01-4703,B843-01-4703,Member843-01-4703,p377,1/5/2019,19:50,Credit card,9.6
743-88-1662,C743-88-1662,Normal743-88-1662,p378,2/22/2019,18:17,Ewallet,8.7
595-86-2894,C595-86-2894,Member595-86-2894,p379,2/6/2019,17:20,Ewallet,9.4
182-69-8360,B182-69-8360,Normal182-69-8360,p380,1/30/2019,13:32,Credit card,4
289-15-7034,A289-15-7034,Member289-15-7034,p381,1/11/2019,10:37,Credit card,7.5
462-78-5240,C462-78-5240,Normal462-78-5240,p382,3/19/2019,14:35,Cash,4.2
868-52-7573,B868-52-7573,Normal868-52-7573,p383,1/14/2019,12:09,Cash,9.9
153-58-4872,C153-58-4872,Member153-58-4872,p384,3/1/2019,15:32,Ewallet,4.2
662-72-2873,A662-72-2873,Normal662-72-2873,p385,1/6/2019,13:58,Ewallet,9.9
525-88-7307,B525-88-7307,Member525-88-7307,p386,1/31/2019,13:19,Cash,5.8
689-16-9784,C689-16-9784,Normal689-16-9784,p387,3/11/2019,13:37,Cash,6
725-56-0833,A725-56-0833,Normal725-56-0833,p388,2/20/2019,16:49,Credit card,10
394-41-0748,C394-41-0748,Member394-41-0748,p389,1/27/2019,14:55,Ewallet,9.5
596-42-3999,B596-42-3999,Normal596-42-3999,p390,3/10/2019,14:04,Credit card,6.6
541-89-9860,C541-89-9860,Member541-89-9860,p391,2/15/2019,12:31,Cash,8.1
173-82-9529,B173-82-9529,Normal173-82-9529,p392,1/26/2019,14:51,Cash,9.7
563-36-9814,A563-36-9814,Member563-36-9814,p393,2/13/2019,18:27,Ewallet,7.2
308-47-4913,A308-47-4913,Member308-47-4913,p394,3/9/2019,12:45,Credit card,6.2
885-17-6250,A885-17-6250,Normal885-17-6250,p395,3/6/2019,10:36,Ewallet,7.3
726-27-2396,A726-27-2396,Normal726-27-2396,p396,1/24/2019,20:36,Ewallet,4.3
316-01-3952,A316-01-3952,Normal316-01-3952,p397,3/13/2019,14:16,Ewallet,4.6
760-54-1821,B760-54-1821,Normal760-54-1821,p398,3/15/2019,10:26,Cash,5.8
793-10-3222,B793-10-3222,Member793-10-3222,p399,3/5/2019,13:30,Credit card,8.3
346-12-3257,B346-12-3257,Member346-12-3257,p400,3/4/2019,16:28,Cash,8
110-05-6330,C110-05-6330,Normal110-05-6330,p401,3/25/2019,20:18,Credit card,9.4
651-61-0874,C651-61-0874,Normal651-61-0874,p402,3/12/2019,20:04,Credit card,6.2
236-86-3015,C236-86-3015,Member236-86-3015,p403,2/4/2019,13:38,Ewallet,9.8
831-64-0259,B831-64-0259,Normal831-64-0259,p404,2/22/2019,10:43,Ewallet,9.6
587-03-7455,C587-03-7455,Member587-03-7455,p405,2/16/2019,17:30,Ewallet,4.9
882-40-4577,A882-40-4577,Member882-40-4577,p406,1/19/2019,15:28,Credit card,8
732-67-5346,A732-67-5346,Normal732-67-5346,p407,1/11/2019,19:07,Credit card,7.8
725-32-9708,B725-32-9708,Member725-32-9708,p408,1/4/2019,19:01,Cash,4.1
256-08-8343,A256-08-8343,Normal256-08-8343,p409,3/4/2019,19:48,Ewallet,5.5
372-26-1506,C372-26-1506,Normal372-26-1506,p410,1/28/2019,19:24,Ewallet,5.4
244-08-0162,B244-08-0162,Normal244-08-0162,p411,1/2/2019,13:00,Cash,5.1
569-71-4390,B569-71-4390,Normal569-71-4390,p412,1/25/2019,14:29,Ewallet,6.9
132-23-6451,A132-23-6451,Member132-23-6451,p413,1/4/2019,13:21,Cash,7.8
696-90-2548,A696-90-2548,Normal696-90-2548,p414,3/10/2019,18:55,Ewallet,6.6
472-15-9636,A472-15-9636,Normal472-15-9636,p415,3/22/2019,19:36,Ewallet,9.2
268-03-6164,B268-03-6164,Normal268-03-6164,p416,1/25/2019,16:28,Ewallet,7.8
750-57-9686,C750-57-9686,Normal750-57-9686,p417,1/8/2019,13:48,Credit card,8.7
186-09-3669,C186-09-3669,Member186-09-3669,p418,1/22/2019,10:57,Ewallet,9.2
848-07-1692,B848-07-1692,Normal848-07-1692,p419,1/12/2019,17:13,Ewallet,8.3
745-71-3520,A745-71-3520,Member745-71-3520,p420,2/4/2019,10:23,Cash,8.2
266-76-6436,C266-76-6436,Member266-76-6436,p421,3/28/2019,13:57,Ewallet,7.5
740-22-2500,C740-22-2500,Normal740-22-2500,p422,1/23/2019,13:29,Cash,9.8
271-88-8734,C271-88-8734,Member271-88-8734,p423,2/8/2019,13:00,Credit card,8.7
301-81-8610,B301-81-8610,Member301-81-8610,p424,3/19/2019,19:42,Credit card,6.7
489-64-4354,C489-64-4354,Normal489-64-4354,p425,3/9/2019,15:36,Cash,5
198-84-7132,B198-84-7132,Member198-84-7132,p426,1/2/2019,13:40,Cash,7
269-10-8440,A269-10-8440,Member269-10-8440,p427,1/21/2019,18:01,Cash,8.9
650-98-6268,B650-98-6268,Member650-98-6268,p428,3/20/2019,13:53,Credit card,8
741-73-3559,B741-73-3559,Normal741-73-3559,p429,2/27/2019,17:27,Cash,6.9
325-77-6186,A325-77-6186,Member325-77-6186,p430,3/8/2019,10:53,Ewallet,7.3
286-75-7818,B286-75-7818,Normal286-75-7818,p431,1/31/2019,19:48,Credit card,6.9
574-57-9721,C574-57-9721,Normal574-57-9721,p432,3/8/2019,16:53,Ewallet,5.7
459-50-7686,A459-50-7686,Normal459-50-7686,p433,1/13/2019,19:14,Ewallet,6.4
616-87-0016,B616-87-0016,Normal616-87-0016,p434,3/9/2019,14:36,Credit card,9.6
837-55-7229,B837-55-7229,Normal837-55-7229,p435,2/22/2019,18:19,Credit card,6.8
751-69-0068,C751-69-0068,Normal751-69-0068,p436,3/19/2019,19:09,Ewallet,9
257-73-1380,C257-73-1380,Member257-73-1380,p437,1/20/2019,16:51,Ewallet,9.6
345-08-4992,A345-08-4992,Normal345-08-4992,p438,3/8/2019,15:37,Credit card,7.7
549-96-4200,C549-96-4200,Member549-96-4200,p439,3/8/2019,20:15,Ewallet,7
810-60-6344,C810-60-6344,Normal810-60-6344,p440,2/7/2019,14:38,Credit card,6.5
450-28-2866,C450-28-2866,Member450-28-2866,p441,1/15/2019,19:25,Cash,8.1
394-30-3170,B394-30-3170,Member394-30-3170,p442,3/22/2019,19:35,Credit card,4.3
138-17-5109,A138-17-5109,Member138-17-5109,p443,1/15/2019,15:42,Credit card,6.5
192-98-7397,C192-98-7397,Normal192-98-7397,p444,1/8/2019,14:11,Ewallet,9.5
301-11-9629,A301-11-9629,Normal301-11-9629,p445,1/15/2019,10:43,Cash,9.7
390-80-5128,B390-80-5128,Member390-80-5128,p446,1/28/2019,17:58,Credit card,9.5
235-46-8343,C235-46-8343,Member235-46-8343,p447,2/14/2019,11:26,Credit card,8.9
453-12-7053,C453-12-7053,Normal453-12-7053,p448,3/10/2019,17:38,Credit card,6.5
296-11-7041,B296-11-7041,Member296-11-7041,p449,1/12/2019,20:07,Credit card,5.3
449-27-2918,B449-27-2918,Member449-27-2918,p450,3/26/2019,11:02,Credit card,9.6
891-01-7034,B891-01-7034,Normal891-01-7034,p451,1/1/2019,19:07,Cash,6.7
744-09-5786,B744-09-5786,Normal744-09-5786,p452,1/2/2019,18:50,Cash,7.6
727-17-0390,A727-17-0390,Normal727-17-0390,p453,3/16/2019,12:43,Ewallet,4.8
568-88-3448,A568-88-3448,Normal568-88-3448,p454,3/3/2019,15:09,Ewallet,5.5
187-83-5490,A187-83-5490,Member187-83-5490,p455,1/31/2019,13:47,Cash,4.7
767-54-1907,B767-54-1907,Member767-54-1907,p456,2/13/2019,16:59,Cash,6.9
710-46-4433,B710-46-4433,Member710-46-4433,p457,2/15/2019,14:15,Credit card,4.5
533-33-5337,B533-33-5337,Normal533-33-5337,p458,2/7/2019,20:24,Cash,6.2
325-90-8763,C325-90-8763,Member325-90-8763,p459,1/27/2019,13:58,Cash,7.6
729-46-7422,C729-46-7422,Normal729-46-7422,p460,2/23/2019,16:52,Credit card,7.9
639-76-1242,C639-76-1242,Normal639-76-1242,p461,2/3/2019,15:19,Cash,4.5
234-03-4040,B234-03-4040,Member234-03-4040,p462,3/3/2019,12:25,Credit card,8.7
326-71-2155,C326-71-2155,Normal326-71-2155,p463,2/3/2019,10:02,Cash,6.1
320-32-8842,C320-32-8842,Member320-32-8842,p464,3/17/2019,18:58,Cash,6.4
470-32-9057,A470-32-9057,Member470-32-9057,p465,3/28/2019,15:31,Credit card,9.1
878-30-2331,C878-30-2331,Member878-30-2331,p466,3/2/2019,11:22,Credit card,7.1
440-59-5691,C440-59-5691,Member440-59-5691,p467,2/8/2019,13:12,Credit card,7.7
554-53-3790,B554-53-3790,Normal554-53-3790,p468,3/22/2019,18:33,Cash,4.5
746-19-0921,C746-19-0921,Normal746-19-0921,p469,2/9/2019,10:02,Ewallet,7.2
233-34-0817,C233-34-0817,Member233-34-0817,p470,2/15/2019,11:21,Cash,8.4
767-05-1286,C767-05-1286,Member767-05-1286,p471,1/23/2019,12:10,Ewallet,5.4
340-21-9136,A340-21-9136,Member340-21-9136,p472,1/25/2019,11:40,Cash,9.7
405-31-3305,A405-31-3305,Member405-31-3305,p473,2/2/2019,18:31,Credit card,5.5
731-59-7531,B731-59-7531,Member731-59-7531,p474,3/30/2019,17:58,Cash,4.6
676-39-6028,A676-39-6028,Member676-39-6028,p475,3/30/2019,17:04,Cash,6.6
502-05-1910,A502-05-1910,Normal502-05-1910,p476,2/25/2019,20:35,Credit card,6.3
485-30-8700,A485-30-8700,Normal485-30-8700,p477,3/18/2019,16:10,Credit card,4.2
598-47-9715,C598-47-9715,Normal598-47-9715,p478,3/7/2019,16:54,Ewallet,4.4
701-69-8742,B701-69-8742,Normal701-69-8742,p479,3/16/2019,10:11,Ewallet,6.7
575-67-1508,A575-67-1508,Normal575-67-1508,p480,1/29/2019,11:26,Ewallet,6.7
541-08-3113,C541-08-3113,Normal541-08-3113,p481,2/2/2019,20:29,Cash,8.4
246-11-3901,C246-11-3901,Normal246-11-3901,p482,2/15/2019,12:12,Cash,6.2
674-15-9296,A674-15-9296,Normal674-15-9296,p483,1/8/2019,13:05,Ewallet,5
305-18-3552,B305-18-3552,Member305-18-3552,p484,2/12/2019,16:19,Cash,6
493-65-6248,C493-65-6248,Member493-65-6248,p485,1/1/2019,19:48,Credit card,7
438-01-4015,B438-01-4015,Member438-01-4015,p486,3/21/2019,15:25,Ewallet,6.6
709-58-4068,B709-58-4068,Normal709-58-4068,p487,2/28/2019,14:42,Cash,7.3
795-49-7276,A795-49-7276,Normal795-49-7276,p488,3/23/2019,18:59,Ewallet,8.3
556-72-8512,C556-72-8512,Normal556-72-8512,p489,1/30/2019,20:47,Cash,4.3
627-95-3243,B627-95-3243,Member627-95-3243,p490,2/4/2019,13:21,Ewallet,9.8
686-41-0932,B686-41-0932,Normal686-41-0932,p491,3/13/2019,19:48,Ewallet,8.2
510-09-5628,A510-09-5628,Member510-09-5628,p492,3/15/2019,18:20,Credit card,7.2
608-04-3797,B608-04-3797,Member608-04-3797,p493,3/5/2019,20:24,Ewallet,8.7
148-82-2527,C148-82-2527,Member148-82-2527,p494,3/5/2019,13:44,Credit card,8.4
437-53-3084,B437-53-3084,Normal437-53-3084,p495,2/26/2019,11:48,Ewallet,7.1
632-32-4574,B632-32-4574,Normal632-32-4574,p496,3/20/2019,14:14,Cash,5.5
556-97-7101,C556-97-7101,Normal556-97-7101,p497,1/1/2019,15:51,Cash,8.5
862-59-8517,C862-59-8517,Normal862-59-8517,p498,1/27/2019,11:17,Cash,6.2
401-18-8016,B401-18-8016,Member401-18-8016,p499,1/21/2019,17:36,Cash,8.9
420-18-8989,A420-18-8989,Member420-18-8989,p500,2/2/2019,15:47,Cash,9.6
277-63-2961,B277-63-2961,Member277-63-2961,p501,2/3/2019,15:53,Credit card,5.4
573-98-8548,C573-98-8548,Member573-98-8548,p502,1/5/2019,12:40,Ewallet,9.1
620-02-2046,C620-02-2046,Normal620-02-2046,p503,1/27/2019,19:48,Ewallet,9
282-35-2475,B282-35-2475,Normal282-35-2475,p504,3/25/2019,17:53,Cash,6.3
511-54-3087,B511-54-3087,Normal511-54-3087,p505,2/25/2019,16:36,Credit card,9.5
726-29-6793,A726-29-6793,Member726-29-6793,p506,1/28/2019,20:54,Ewallet,9.8
387-49-4215,B387-49-4215,Member387-49-4215,p507,1/8/2019,12:50,Cash,6.7
862-17-9201,B862-17-9201,Normal862-17-9201,p508,1/29/2019,10:48,Credit card,7.7
291-21-5991,B291-21-5991,Member291-21-5991,p509,3/29/2019,14:28,Cash,7
602-80-9671,C602-80-9671,Member602-80-9671,p510,2/9/2019,17:15,Credit card,5.1
347-72-6115,B347-72-6115,Member347-72-6115,p511,1/16/2019,18:03,Credit card,6.2
209-61-0206,A209-61-0206,Normal209-61-0206,p512,1/5/2019,17:29,Ewallet,6.1
595-27-4851,A595-27-4851,Normal595-27-4851,p513,1/27/2019,18:05,Ewallet,9.3
189-52-0236,A189-52-0236,Normal189-52-0236,p514,3/14/2019,12:07,Cash,7.6
503-07-0930,C503-07-0930,Member503-07-0930,p515,2/23/2019,19:49,Credit card,8.2
413-20-6708,C413-20-6708,Member413-20-6708,p516,3/18/2019,15:52,Ewallet,8.5
425-85-2085,B425-85-2085,Member425-85-2085,p517,3/29/2019,16:48,Ewallet,9.8
521-18-7827,C521-18-7827,Member521-18-7827,p518,1/22/2019,20:46,Credit card,8.7
220-28-1851,A220-28-1851,Normal220-28-1851,p519,3/1/2019,18:14,Ewallet,9.7
600-38-9738,C600-38-9738,Member600-38-9738,p520,1/17/2019,15:05,Credit card,4.3
734-91-1155,B734-91-1155,Normal734-91-1155,p521,3/26/2019,10:34,Credit card,7.7
451-28-5717,C451-28-5717,Member451-28-5717,p522,3/20/2019,11:23,Cash,7.3
609-81-8548,A609-81-8548,Member609-81-8548,p523,2/6/2019,13:55,Credit card,5.9
133-14-7229,C133-14-7229,Normal133-14-7229,p524,1/1/2019,11:43,Cash,5
534-01-4457,A534-01-4457,Normal534-01-4457,p525,1/27/2019,14:36,Credit card,8
719-89-8991,A719-89-8991,Member719-89-8991,p526,2/25/2019,16:03,Ewallet,7.1
286-62-6248,B286-62-6248,Normal286-62-6248,p527,1/16/2019,20:03,Credit card,9
339-38-9982,B339-38-9982,Member339-38-9982,p528,1/13/2019,14:55,Ewallet,6.7
827-44-5872,B827-44-5872,Member827-44-5872,p529,2/7/2019,11:28,Credit card,6.1
827-77-7633,A827-77-7633,Normal827-77-7633,p530,2/17/2019,19:41,Cash,9.3
287-83-1405,A287-83-1405,Normal287-83-1405,p531,2/12/2019,19:01,Ewallet,7
435-13-4908,A435-13-4908,Member435-13-4908,p532,1/24/2019,18:04,Credit card,7.2
857-67-9057,B857-67-9057,Normal857-67-9057,p533,2/6/2019,19:20,Ewallet,8.2
236-27-1144,C236-27-1144,Normal236-27-1144,p534,3/26/2019,10:31,Ewallet,8.4
892-05-6689,A892-05-6689,Normal892-05-6689,p535,3/11/2019,13:28,Ewallet,6.2
583-41-4548,C583-41-4548,Normal583-41-4548,p536,2/7/2019,11:36,Ewallet,7.4
339-12-4827,B339-12-4827,Member339-12-4827,p537,1/5/2019,11:32,Credit card,5
643-38-7867,A643-38-7867,Normal643-38-7867,p538,3/7/2019,11:44,Ewallet,6.9
308-81-0538,A308-81-0538,Normal308-81-0538,p539,2/25/2019,17:16,Credit card,4.9
358-88-9262,C358-88-9262,Member358-88-9262,p540,2/1/2019,18:43,Ewallet,5.1
460-35-4390,A460-35-4390,Normal460-35-4390,p541,1/22/2019,11:00,Ewallet,9.1
343-87-0864,C343-87-0864,Member343-87-0864,p542,1/3/2019,10:30,Credit card,7.1
173-50-1108,B173-50-1108,Member173-50-1108,p543,2/13/2019,12:14,Credit card,5
243-47-2663,C243-47-2663,Member243-47-2663,p544,1/28/2019,16:43,Credit card,5.5
841-18-8232,B841-18-8232,Normal841-18-8232,p545,1/5/2019,20:40,Credit card,9.2
701-23-5550,B701-23-5550,Member701-23-5550,p546,3/19/2019,13:40,Ewallet,4.9
647-50-1224,A647-50-1224,Normal647-50-1224,p547,1/12/2019,16:23,Ewallet,8.9
541-48-8554,A541-48-8554,Normal541-48-8554,p548,1/7/2019,12:08,Credit card,6
539-21-7227,B539-21-7227,Normal539-21-7227,p549,1/26/2019,17:45,Cash,4.2
213-32-1216,A213-32-1216,Normal213-32-1216,p550,1/23/2019,10:28,Cash,7.3
747-58-7183,B747-58-7183,Normal747-58-7183,p551,2/9/2019,20:31,Ewallet,6.5
582-52-8065,B582-52-8065,Normal582-52-8065,p552,2/22/2019,10:49,Cash,8.9
210-57-1719,B210-57-1719,Normal210-57-1719,p553,2/5/2019,12:34,Cash,9.7
399-69-4630,C399-69-4630,Normal399-69-4630,p554,3/7/2019,10:23,Credit card,8.6
134-75-2619,A134-75-2619,Member134-75-2619,p555,3/25/2019,18:51,Cash,6.9
356-44-8813,B356-44-8813,Normal356-44-8813,p556,1/20/2019,13:45,Credit card,7.7
198-66-9832,B198-66-9832,Member198-66-9832,p557,2/4/2019,19:38,Cash,9.5
283-26-5248,C283-26-5248,Member283-26-5248,p558,1/30/2019,20:23,Ewallet,4.5
712-39-0363,A712-39-0363,Member712-39-0363,p559,1/2/2019,15:24,Ewallet,5.6
218-59-9410,A218-59-9410,Member218-59-9410,p560,3/29/2019,16:54,Ewallet,8.2
174-75-0888,B174-75-0888,Normal174-75-0888,p561,3/14/2019,12:32,Cash,7.3
866-99-7614,C866-99-7614,Normal866-99-7614,p562,2/11/2019,15:42,Credit card,4.4
134-54-4720,B134-54-4720,Normal134-54-4720,p563,1/30/2019,13:58,Ewallet,5.7
760-90-2357,A760-90-2357,Member760-90-2357,p564,3/20/2019,15:08,Ewallet,5
514-37-2845,B514-37-2845,Normal514-37-2845,p565,3/20/2019,13:02,Cash,9
698-98-5964,A698-98-5964,Normal698-98-5964,p566,1/17/2019,13:01,Credit card,6.3
718-57-9773,C718-57-9773,Normal718-57-9773,p567,2/3/2019,16:40,Credit card,9.4
651-88-7328,A651-88-7328,Normal651-88-7328,p568,1/1/2019,13:55,Cash,7.7
241-11-2261,B241-11-2261,Normal241-11-2261,p569,1/10/2019,10:33,Credit card,5.5
408-26-9866,C408-26-9866,Normal408-26-9866,p570,3/2/2019,16:42,Ewallet,4.1
834-83-1826,B834-83-1826,Member834-83-1826,p571,2/25/2019,17:16,Credit card,7.6
343-61-3544,B343-61-3544,Member343-61-3544,p572,1/29/2019,11:48,Cash,8.6
239-48-4278,A239-48-4278,Member239-48-4278,p573,3/10/2019,19:35,Ewallet,8.3
355-34-6244,B355-34-6244,Normal355-34-6244,p574,1/13/2019,19:55,Credit card,8.1
550-84-8664,A550-84-8664,Normal550-84-8664,p575,3/22/2019,14:33,Credit card,8.6
339-96-8318,B339-96-8318,Member339-96-8318,p576,3/1/2019,19:49,Ewallet,6.3
458-61-0011,B458-61-0011,Normal458-61-0011,p577,2/20/2019,18:43,Cash,5.8
592-34-6155,C592-34-6155,Normal592-34-6155,p578,1/14/2019,14:43,Ewallet,6.2
797-88-0493,A797-88-0493,Normal797-88-0493,p579,3/26/2019,13:54,Cash,7.7
207-73-1363,B207-73-1363,Normal207-73-1363,p580,3/1/2019,12:15,Ewallet,8.1
390-31-6381,C390-31-6381,Normal390-31-6381,p581,1/7/2019,12:37,Cash,7.3
443-82-0585,A443-82-0585,Member443-82-0585,p582,2/1/2019,19:54,Cash,8.4
339-18-7061,C339-18-7061,Member339-18-7061,p583,2/13/2019,15:06,Credit card,8
359-90-3665,B359-90-3665,Member359-90-3665,p584,1/14/2019,18:03,Credit card,9.5
375-72-3056,B375-72-3056,Normal375-72-3056,p585,1/19/2019,15:58,Ewallet,7
127-47-6963,A127-47-6963,Normal127-47-6963,p586,3/9/2019,13:53,Credit card,9.8
278-86-2735,A278-86-2735,Normal278-86-2735,p587,3/27/2019,14:03,Cash,9.2
695-28-6250,A695-28-6250,Normal695-28-6250,p588,2/4/2019,16:38,Ewallet,7.7
379-17-6588,C379-17-6588,Normal379-17-6588,p589,3/14/2019,11:07,Cash,5.3
227-50-3718,A227-50-3718,Normal227-50-3718,p590,3/4/2019,12:23,Cash,4.4
302-15-2162,C302-15-2162,Member302-15-2162,p591,3/3/2019,10:54,Credit card,4.3
788-07-8452,C788-07-8452,Member788-07-8452,p592,1/27/2019,17:38,Ewallet,9.4
560-49-6611,A560-49-6611,Member560-49-6611,p593,2/7/2019,14:13,Cash,9.8
880-35-0356,A880-35-0356,Member880-35-0356,p594,2/5/2019,11:51,Ewallet,4.8
585-11-6748,B585-11-6748,Member585-11-6748,p595,3/15/2019,13:05,Cash,5.3
470-31-3286,B470-31-3286,Normal470-31-3286,p596,3/1/2019,11:30,Credit card,8.7
152-68-2907,A152-68-2907,Normal152-68-2907,p597,2/15/2019,13:30,Credit card,9.5
123-35-4896,C123-35-4896,Normal123-35-4896,p598,2/17/2019,19:11,Ewallet,5.3
258-69-7810,C258-69-7810,Normal258-69-7810,p599,1/26/2019,18:53,Cash,9.2
334-64-2006,A334-64-2006,Member334-64-2006,p600,3/24/2019,14:22,Ewallet,9.6
219-61-4139,C219-61-4139,Normal219-61-4139,p601,1/23/2019,17:16,Ewallet,6.4
881-41-7302,C881-41-7302,Normal881-41-7302,p602,1/26/2019,10:06,Credit card,4.5
373-09-4567,C373-09-4567,Normal373-09-4567,p603,3/14/2019,20:35,Ewallet,6.9
642-30-6693,B642-30-6693,Normal642-30-6693,p604,3/17/2019,13:54,Ewallet,7.8
484-22-8230,C484-22-8230,Member484-22-8230,p605,1/8/2019,20:08,Cash,4.5
830-58-2383,B830-58-2383,Normal830-58-2383,p606,2/8/2019,15:26,Cash,8.6
559-98-9873,A559-98-9873,Member559-98-9873,p607,2/10/2019,12:56,Ewallet,5.2
544-32-5024,C544-32-5024,Member544-32-5024,p608,3/28/2019,19:16,Credit card,6.4
318-12-0304,A318-12-0304,Normal318-12-0304,p609,1/23/2019,12:20,Ewallet,5.2
349-97-8902,B349-97-8902,Member349-97-8902,p610,1/17/2019,10:37,Ewallet,8.9
421-95-9805,A421-95-9805,Normal421-95-9805,p611,2/7/2019,10:18,Credit card,6.2
277-35-5865,C277-35-5865,Member277-35-5865,p612,3/9/2019,11:23,Cash,6.7
789-23-8625,B789-23-8625,Member789-23-8625,p613,1/24/2019,11:45,Cash,7.2
284-54-4231,C284-54-4231,Member284-54-4231,p614,1/19/2019,16:08,Credit card,9
443-59-0061,A443-59-0061,Member443-59-0061,p615,2/3/2019,11:25,Ewallet,4.2
509-29-3912,A509-29-3912,Member509-29-3912,p616,3/20/2019,12:24,Ewallet,4.2
327-40-9673,B327-40-9673,Member327-40-9673,p617,1/13/2019,19:51,Cash,6.9
840-19-2096,C840-19-2096,Member840-19-2096,p618,3/14/2019,18:10,Ewallet,4.4
828-46-6863,A828-46-6863,Member828-46-6863,p619,1/23/2019,11:22,Credit card,4
641-96-3695,C641-96-3695,Member641-96-3695,p620,2/7/2019,17:55,Ewallet,8.5
420-97-3340,A420-97-3340,Normal420-97-3340,p621,3/28/2019,15:30,Credit card,9.2
436-54-4512,A436-54-4512,Member436-54-4512,p622,3/20/2019,19:44,Cash,9.8
670-79-6321,B670-79-6321,Member670-79-6321,p623,1/17/2019,15:27,Credit card,4.9
852-62-7105,B852-62-7105,Normal852-62-7105,p624,1/12/2019,11:25,Credit card,4.4
598-06-7312,B598-06-7312,Member598-06-7312,p625,2/16/2019,15:42,Cash,6.8
135-13-8269,B135-13-8269,Member135-13-8269,p626,1/26/2019,16:04,Cash,9.1
816-57-2053,A816-57-2053,Normal816-57-2053,p627,3/9/2019,12:37,Ewallet,8.7
628-90-8624,B628-90-8624,Member628-90-8624,p628,3/14/2019,14:41,Cash,5
856-66-2701,A856-66-2701,Member856-66-2701,p629,1/25/2019,14:19,Ewallet,7.5
308-39-1707,A308-39-1707,Normal308-39-1707,p630,1/26/2019,18:19,Credit card,8.2
149-61-1929,A149-61-1929,Normal149-61-1929,p631,1/19/2019,14:08,Credit card,6.7
655-07-2265,A655-07-2265,Normal655-07-2265,p632,3/5/2019,16:38,Ewallet,5.4
589-02-8023,A589-02-8023,Member589-02-8023,p633,1/15/2019,10:54,Credit card,7
420-04-7590,B420-04-7590,Normal420-04-7590,p634,3/18/2019,11:29,Ewallet,4.7
182-88-2763,B182-88-2763,Member182-88-2763,p635,3/20/2019,19:28,Credit card,5
188-55-0967,B188-55-0967,Member188-55-0967,p636,1/15/2019,15:01,Credit card,5
610-46-4100,A610-46-4100,Normal610-46-4100,p637,3/3/2019,20:31,Credit card,6
318-81-2368,C318-81-2368,Normal318-81-2368,p638,3/19/2019,12:16,Cash,6.3
364-33-8584,B364-33-8584,Member364-33-8584,p639,3/8/2019,15:27,Cash,8.5
665-63-9737,B665-63-9737,Normal665-63-9737,p640,2/27/2019,17:36,Ewallet,7.5
695-09-5146,B695-09-5146,Member695-09-5146,p641,2/23/2019,20:00,Ewallet,6.4
155-45-3814,C155-45-3814,Member155-45-3814,p642,3/19/2019,15:29,Ewallet,4.7
794-32-2436,B794-32-2436,Member794-32-2436,p643,3/27/2019,15:08,Ewallet,6
131-15-8856,C131-15-8856,Member131-15-8856,p644,3/30/2019,19:26,Credit card,4
273-84-2164,C273-84-2164,Member273-84-2164,p645,2/16/2019,15:53,Ewallet,5.5
706-36-6154,A706-36-6154,Member706-36-6154,p646,1/18/2019,18:43,Ewallet,8.7
778-89-7974,C778-89-7974,Normal778-89-7974,p647,3/30/2019,14:58,Cash,7.4
574-31-8277,B574-31-8277,Member574-31-8277,p648,3/20/2019,19:55,Cash,5.6
859-71-0933,C859-71-0933,Member859-71-0933,p649,1/16/2019,15:10,Cash,6.3
740-11-5257,C740-11-5257,Normal740-11-5257,p650,2/24/2019,16:44,Cash,7.1
369-82-2676,B369-82-2676,Normal369-82-2676,p651,1/15/2019,18:22,Ewallet,7.8
563-47-4072,B563-47-4072,Normal563-47-4072,p652,1/22/2019,11:52,Cash,9.9
742-04-5161,A742-04-5161,Member742-04-5161,p653,2/3/2019,17:24,Cash,7.3
149-15-7606,B149-15-7606,Member149-15-7606,p654,3/6/2019,15:31,Ewallet,5.1
133-77-3154,B133-77-3154,Member133-77-3154,p655,2/16/2019,18:04,Credit card,9.4
169-52-4504,A169-52-4504,Normal169-52-4504,p656,3/14/2019,14:13,Credit card,5.8
250-81-7186,C250-81-7186,Normal250-81-7186,p657,2/27/2019,10:23,Credit card,8
562-12-5430,A562-12-5430,Member562-12-5430,p658,1/18/2019,10:11,Ewallet,7.9
816-72-8853,A816-72-8853,Member816-72-8853,p659,1/29/2019,15:48,Cash,5.9
491-38-3499,A491-38-3499,Member491-38-3499,p660,2/26/2019,17:46,Credit card,4.9
322-02-2271,B322-02-2271,Normal322-02-2271,p661,2/3/2019,11:46,Cash,9.3
842-29-4695,C842-29-4695,Member842-29-4695,p662,1/16/2019,12:07,Credit card,7.9
725-67-2480,B725-67-2480,Member725-67-2480,p663,3/24/2019,18:14,Credit card,5.9
641-51-2661,C641-51-2661,Member641-51-2661,p664,2/12/2019,14:45,Credit card,9.9
714-02-3114,C714-02-3114,Normal714-02-3114,p665,2/21/2019,11:39,Cash,7.7
518-17-2983,A518-17-2983,Normal518-17-2983,p666,2/4/2019,15:44,Ewallet,7.6
779-42-2410,B779-42-2410,Member779-42-2410,p667,2/20/2019,13:06,Ewallet,7.7
190-14-3147,B190-14-3147,Normal190-14-3147,p668,2/23/2019,20:43,Ewallet,6.4
408-66-6712,C408-66-6712,Member408-66-6712,p669,2/16/2019,14:19,Ewallet,4.4
679-22-6530,B679-22-6530,Normal679-22-6530,p670,1/17/2019,10:01,Credit card,4.1
588-47-8641,A588-47-8641,Member588-47-8641,p671,1/14/2019,19:30,Ewallet,4.4
642-61-4706,B642-61-4706,Member642-61-4706,p672,3/30/2019,16:34,Cash,5.5
576-31-4774,B576-31-4774,Normal576-31-4774,p673,3/2/2019,13:10,Ewallet,4
556-41-6224,C556-41-6224,Normal556-41-6224,p674,2/15/2019,17:10,Credit card,9.3
811-03-8790,A811-03-8790,Normal811-03-8790,p675,3/1/2019,10:22,Credit card,4.8
242-11-3142,B242-11-3142,Member242-11-3142,p676,2/24/2019,19:57,Cash,4.6
752-23-3760,B752-23-3760,Member752-23-3760,p677,2/19/2019,19:29,Credit card,7.3
274-05-5470,A274-05-5470,Member274-05-5470,p678,2/23/2019,18:30,Cash,6
648-94-3045,C648-94-3045,Normal648-94-3045,p679,2/7/2019,14:27,Ewallet,8.1
130-67-4723,A130-67-4723,Member130-67-4723,p680,1/11/2019,13:57,Ewallet,9.4
528-87-5606,B528-87-5606,Member528-87-5606,p681,2/12/2019,19:43,Cash,6.5
320-85-2052,B320-85-2052,Normal320-85-2052,p682,1/14/2019,10:11,Credit card,7
370-96-0655,C370-96-0655,Normal370-96-0655,p683,1/9/2019,13:46,Ewallet,7.1
105-10-6182,A105-10-6182,Member105-10-6182,p684,2/27/2019,12:22,Ewallet,6.6
510-79-0415,B510-79-0415,Member510-79-0415,p685,1/24/2019,19:20,Ewallet,4.9
241-96-5076,B241-96-5076,Member241-96-5076,p686,1/8/2019,12:58,Credit card,6.4
767-97-4650,B767-97-4650,Member767-97-4650,p687,1/8/2019,11:59,Credit card,8
648-83-1321,A648-83-1321,Member648-83-1321,p688,1/16/2019,17:59,Cash,4.3
173-57-2300,C173-57-2300,Member173-57-2300,p689,3/13/2019,12:51,Cash,6.1
305-03-2383,A305-03-2383,Normal305-03-2383,p690,2/15/2019,10:36,Cash,7.5
394-55-6384,C394-55-6384,Member394-55-6384,p691,1/25/2019,13:38,Cash,6.7
266-20-6657,C266-20-6657,Member266-20-6657,p692,3/12/2019,19:39,Ewallet,5.2
689-05-1884,A689-05-1884,Member689-05-1884,p693,3/4/2019,12:44,Cash,8.8
196-01-2849,C196-01-2849,Member196-01-2849,p694,2/10/2019,13:56,Cash,9.5
372-62-5264,C372-62-5264,Normal372-62-5264,p695,1/16/2019,14:42,Cash,7.6
800-09-8606,A800-09-8606,Member800-09-8606,p696,1/29/2019,19:45,Cash,6.6
182-52-7000,A182-52-7000,Member182-52-7000,p697,1/1/2019,20:26,Ewallet,6.9
826-58-8051,B826-58-8051,Normal826-58-8051,p698,1/6/2019,19:46,Ewallet,4.3
868-06-0466,A868-06-0466,Member868-06-0466,p699,2/19/2019,19:38,Credit card,7.8
751-41-9720,C751-41-9720,Normal751-41-9720,p700,1/12/2019,16:18,Ewallet,8
626-43-7888,C626-43-7888,Normal626-43-7888,p701,2/7/2019,12:23,Ewallet,9.6
176-64-7711,B176-64-7711,Normal176-64-7711,p702,3/27/2019,19:11,Credit card,4.3
191-29-0321,B191-29-0321,Member191-29-0321,p703,2/27/2019,18:57,Credit card,5
729-06-2010,B729-06-2010,Member729-06-2010,p704,1/6/2019,11:18,Cash,9.2
640-48-5028,B640-48-5028,Member640-48-5028,p705,3/2/2019,12:40,Cash,6.3
186-79-9562,B186-79-9562,Normal186-79-9562,p706,3/29/2019,14:06,Cash,8.9
834-45-5519,B834-45-5519,Normal834-45-5519,p707,1/31/2019,20:48,Ewallet,7.6
162-65-8559,C162-65-8559,Member162-65-8559,p708,1/21/2019,20:13,Cash,4.8
760-27-5490,C760-27-5490,Normal760-27-5490,p709,1/20/2019,20:37,Ewallet,9.1
445-30-9252,A445-30-9252,Normal445-30-9252,p710,1/17/2019,17:59,Ewallet,6.1
786-94-2700,A786-94-2700,Member786-94-2700,p711,2/28/2019,20:18,Cash,9.1
728-88-7867,C728-88-7867,Member728-88-7867,p712,3/19/2019,15:52,Ewallet,8.3
183-21-3799,C183-21-3799,Normal183-21-3799,p713,2/19/2019,15:14,Ewallet,7.2
268-20-3585,C268-20-3585,Normal268-20-3585,p714,2/4/2019,12:50,Ewallet,6
735-32-9839,C735-32-9839,Member735-32-9839,p715,1/31/2019,10:36,Ewallet,8.5
258-92-7466,A258-92-7466,Normal258-92-7466,p716,2/6/2019,18:33,Credit card,6.6
857-16-3520,A857-16-3520,Member857-16-3520,p717,3/28/2019,16:06,Ewallet,4.5
482-17-1179,A482-17-1179,Member482-17-1179,p718,1/19/2019,12:47,Credit card,8.1
788-21-5741,A788-21-5741,Normal788-21-5741,p719,2/17/2019,13:34,Credit card,7.2
821-14-9046,B821-14-9046,Member821-14-9046,p720,1/18/2019,15:04,Credit card,6.1
418-05-0656,B418-05-0656,Normal418-05-0656,p721,2/2/2019,20:42,Cash,7.1
678-79-0726,C678-79-0726,Member678-79-0726,p722,1/18/2019,15:28,Cash,5.1
776-68-1096,B776-68-1096,Normal776-68-1096,p723,3/18/2019,13:45,Credit card,7.9
592-46-1692,C592-46-1692,Member592-46-1692,p724,1/11/2019,20:10,Cash,7.4
434-35-9162,B434-35-9162,Member434-35-9162,p725,2/4/2019,18:53,Ewallet,7.4
149-14-0304,C149-14-0304,Member149-14-0304,p726,2/6/2019,14:24,Cash,6.6
442-44-6497,C442-44-6497,Member442-44-6497,p727,1/8/2019,11:42,Credit card,5.9
174-64-0215,B174-64-0215,Normal174-64-0215,p728,3/5/2019,17:49,Credit card,8.9
210-74-9613,C210-74-9613,Normal210-74-9613,p729,3/16/2019,15:33,Ewallet,6.8
299-29-0180,B299-29-0180,Member299-29-0180,p730,3/9/2019,10:54,Cash,9.3
247-11-2470,A247-11-2470,Member247-11-2470,p731,3/1/2019,16:23,Credit card,4.4
635-28-5728,A635-28-5728,Normal635-28-5728,p732,2/28/2019,19:33,Ewallet,4.8
756-49-0168,A756-49-0168,Member756-49-0168,p733,2/8/2019,11:39,Ewallet,9.5
438-23-1242,B438-23-1242,Normal438-23-1242,p734,1/24/2019,10:38,Ewallet,8.9
238-45-6950,B238-45-6950,Member238-45-6950,p735,3/1/2019,20:03,Ewallet,6.4
607-65-2441,C607-65-2441,Member607-65-2441,p736,3/10/2019,12:39,Credit card,6
386-27-7606,C386-27-7606,Member386-27-7606,p737,3/23/2019,15:59,Credit card,8.1
137-63-5492,C137-63-5492,Normal137-63-5492,p738,1/29/2019,14:26,Ewallet,9
197-77-7132,B197-77-7132,Member197-77-7132,p739,1/12/2019,18:22,Ewallet,6
805-86-0265,A805-86-0265,Normal805-86-0265,p740,3/20/2019,11:32,Cash,9.8
733-29-1227,C733-29-1227,Normal733-29-1227,p741,3/23/2019,12:41,Cash,8.5
451-73-2711,C451-73-2711,Normal451-73-2711,p742,1/14/2019,15:20,Ewallet,8.8
373-14-0504,A373-14-0504,Member373-14-0504,p743,2/12/2019,14:33,Ewallet,8.8
546-80-2899,A546-80-2899,Member546-80-2899,p744,2/20/2019,15:29,Ewallet,9.5
345-68-9016,C345-68-9016,Member345-68-9016,p745,1/2/2019,16:19,Credit card,5.6
390-17-5806,C390-17-5806,Member390-17-5806,p746,2/2/2019,16:33,Cash,8.6
457-13-1708,B457-13-1708,Member457-13-1708,p747,1/8/2019,19:07,Credit card,5.2
664-14-2882,C664-14-2882,Member664-14-2882,p748,1/30/2019,14:43,Credit card,5.8
487-79-6868,B487-79-6868,Member487-79-6868,p749,3/26/2019,19:28,Credit card,8
314-23-4520,C314-23-4520,Member314-23-4520,p750,1/15/2019,20:44,Cash,9
210-30-7976,B210-30-7976,Member210-30-7976,p751,3/14/2019,11:16,Ewallet,4.1
585-86-8361,A585-86-8361,Normal585-86-8361,p752,2/3/2019,10:31,Credit card,8.6
807-14-7833,A807-14-7833,Member807-14-7833,p753,2/22/2019,12:30,Ewallet,7
775-72-1988,B775-72-1988,Normal775-72-1988,p754,1/24/2019,15:05,Ewallet,8.4
288-38-3758,C288-38-3758,Member288-38-3758,p755,1/25/2019,18:30,Ewallet,7.4
652-43-6591,A652-43-6591,Normal652-43-6591,p756,3/9/2019,13:18,Credit card,6.2
785-96-0615,B785-96-0615,Member785-96-0615,p757,2/17/2019,15:28,Ewallet,4.9
406-46-7107,A406-46-7107,Normal406-46-7107,p758,1/11/2019,11:52,Cash,4.5
250-17-5703,A250-17-5703,Member250-17-5703,p759,2/27/2019,18:24,Ewallet,5.6
156-95-3964,A156-95-3964,Normal156-95-3964,p760,3/25/2019,15:19,Ewallet,8
842-40-8179,B842-40-8179,Member842-40-8179,p761,2/11/2019,10:38,Credit card,5.6
525-09-8450,B525-09-8450,Normal525-09-8450,p762,1/31/2019,15:12,Credit card,4.2
410-67-1709,A410-67-1709,Member410-67-1709,p763,1/20/2019,17:48,Ewallet,9.9
587-73-4862,A587-73-4862,Member587-73-4862,p764,3/26/2019,11:07,Ewallet,7.6
787-87-2010,A787-87-2010,Member787-87-2010,p765,1/20/2019,15:48,Credit card,6.6
593-14-4239,B593-14-4239,Normal593-14-4239,p766,3/5/2019,19:40,Ewallet,4.7
801-88-0346,C801-88-0346,Normal801-88-0346,p767,1/5/2019,20:30,Credit card,9.8
388-76-2555,B388-76-2555,Normal388-76-2555,p768,2/13/2019,13:59,Cash,6.3
711-31-1234,B711-31-1234,Normal711-31-1234,p769,3/16/2019,18:51,Cash,7.9
886-54-6089,A886-54-6089,Normal886-54-6089,p770,1/15/2019,17:24,Cash,7.7
707-32-7409,B707-32-7409,Member707-32-7409,p771,2/26/2019,11:58,Ewallet,4.5
759-98-4285,C759-98-4285,Member759-98-4285,p772,2/27/2019,19:01,Credit card,8
201-63-8275,C201-63-8275,Member201-63-8275,p773,2/17/2019,16:50,Ewallet,5.7
471-06-8611,C471-06-8611,Normal471-06-8611,p774,2/6/2019,10:22,Credit card,6.3
200-16-5952,C200-16-5952,Member200-16-5952,p775,1/17/2019,16:46,Cash,6
120-54-2248,B120-54-2248,Normal120-54-2248,p776,1/22/2019,18:08,Credit card,8
102-77-2261,C102-77-2261,Member102-77-2261,p777,3/5/2019,18:02,Credit card,4.2
875-31-8302,B875-31-8302,Normal875-31-8302,p778,1/3/2019,13:07,Cash,9.6
102-06-2002,C102-06-2002,Member102-06-2002,p779,3/20/2019,17:52,Cash,6.1
457-94-0464,B457-94-0464,Member457-94-0464,p780,1/31/2019,20:32,Ewallet,5.6
629-42-4133,C629-42-4133,Normal629-42-4133,p781,2/19/2019,19:24,Cash,8.3
534-53-3526,A534-53-3526,Normal534-53-3526,p782,2/11/2019,16:06,Ewallet,7.8
307-04-2070,A307-04-2070,Member307-04-2070,p783,2/5/2019,14:14,Credit card,4.1
468-99-7231,C468-99-7231,Normal468-99-7231,p784,3/3/2019,17:36,Cash,8.8
516-77-6464,C516-77-6464,Member516-77-6464,p785,2/24/2019,13:08,Ewallet,4.1
404-91-5964,A404-91-5964,Normal404-91-5964,p786,2/4/2019,16:09,Credit card,9
886-77-9084,C886-77-9084,Normal886-77-9084,p787,2/19/2019,11:33,Ewallet,5.5
790-38-4466,C790-38-4466,Normal790-38-4466,p788,1/23/2019,10:18,Credit card,9.3
704-10-4056,C704-10-4056,Member704-10-4056,p789,1/14/2019,10:55,Credit card,5.6
497-37-6538,A497-37-6538,Normal497-37-6538,p790,1/17/2019,15:15,Ewallet,9.7
651-96-5970,A651-96-5970,Normal651-96-5970,p791,3/3/2019,20:06,Credit card,4
400-80-4065,C400-80-4065,Member400-80-4065,p792,2/15/2019,20:21,Credit card,9.2
744-16-7898,B744-16-7898,Normal744-16-7898,p793,1/15/2019,13:48,Credit card,4.9
263-12-5321,A263-12-5321,Member263-12-5321,p794,2/27/2019,12:52,Credit card,9.3
702-72-0487,A702-72-0487,Normal702-72-0487,p795,2/26/2019,12:28,Credit card,6.6
605-83-1050,B605-83-1050,Normal605-83-1050,p796,3/15/2019,16:26,Ewallet,4.3
443-60-9639,C443-60-9639,Member443-60-9639,p797,1/24/2019,13:24,Cash,5.5
864-24-7918,A864-24-7918,Member864-24-7918,p798,2/22/2019,15:15,Cash,8.1
359-94-5395,B359-94-5395,Normal359-94-5395,p799,3/15/2019,10:50,Credit card,9.8
401-09-4232,C401-09-4232,Member401-09-4232,p800,2/11/2019,18:38,Ewallet,9.4
751-15-6198,B751-15-6198,Normal751-15-6198,p801,1/12/2019,16:45,Ewallet,7.9
324-41-6833,C324-41-6833,Member324-41-6833,p802,3/3/2019,19:30,Ewallet,5.1
474-33-8305,C474-33-8305,Member474-33-8305,p803,3/23/2019,13:23,Ewallet,6.9
759-29-9521,A759-29-9521,Member759-29-9521,p804,3/4/2019,11:27,Cash,8
831-81-6575,B831-81-6575,Member831-81-6575,p805,2/23/2019,11:12,Cash,8
220-68-6701,A220-68-6701,Normal220-68-6701,p806,3/17/2019,16:36,Cash,4.2
618-34-8551,A618-34-8551,Normal618-34-8551,p807,1/16/2019,18:41,Credit card,8.5
257-60-7754,A257-60-7754,Normal257-60-7754,p808,1/8/2019,17:12,Cash,9
559-61-5987,B559-61-5987,Normal559-61-5987,p809,1/14/2019,10:38,Cash,8.6
189-55-2313,C189-55-2313,Normal189-55-2313,p810,1/31/2019,10:33,Ewallet,6
565-91-4567,B565-91-4567,Normal565-91-4567,p811,3/15/2019,14:38,Ewallet,6.2
380-60-5336,A380-60-5336,Normal380-60-5336,p812,2/24/2019,18:06,Credit card,5
815-04-6282,C815-04-6282,Member815-04-6282,p813,2/8/2019,12:52,Credit card,6.5
674-56-6360,A674-56-6360,Normal674-56-6360,p814,3/22/2019,14:00,Cash,6
778-34-2523,A778-34-2523,Member778-34-2523,p815,1/24/2019,10:57,Cash,5
499-27-7781,B499-27-7781,Normal499-27-7781,p816,3/14/2019,16:45,Ewallet,5
477-59-2456,C477-59-2456,Normal477-59-2456,p817,1/23/2019,11:15,Cash,9.2
832-51-6761,A832-51-6761,Normal832-51-6761,p818,1/19/2019,20:29,Ewallet,9.6
869-11-3082,B869-11-3082,Member869-11-3082,p819,1/27/2019,20:03,Credit card,8.4
190-59-3964,B190-59-3964,Member190-59-3964,p820,2/3/2019,14:35,Credit card,6
366-43-6862,B366-43-6862,Normal366-43-6862,p821,3/25/2019,16:32,Ewallet,6.7
186-43-8965,A186-43-8965,Member186-43-8965,p822,2/24/2019,10:10,Credit card,4.1
784-21-9238,C784-21-9238,Member784-21-9238,p823,2/7/2019,14:15,Cash,5.9
276-75-6884,A276-75-6884,Normal276-75-6884,p824,3/4/2019,10:05,Cash,8.7
109-86-4363,B109-86-4363,Member109-86-4363,p825,2/14/2019,11:36,Credit card,4.5
569-76-2760,A569-76-2760,Member569-76-2760,p826,1/29/2019,18:15,Credit card,6.6
222-42-0244,B222-42-0244,Member222-42-0244,p827,1/28/2019,13:53,Credit card,7.7
760-53-9233,A760-53-9233,Member760-53-9233,p828,3/26/2019,18:37,Credit card,8.5
538-22-0304,C538-22-0304,Normal538-22-0304,p829,3/24/2019,18:27,Cash,5.2
416-17-9926,A416-17-9926,Member416-17-9926,p830,1/1/2019,14:42,Credit card,4.3
237-44-6163,A237-44-6163,Normal237-44-6163,p831,1/24/2019,17:43,Cash,7.6
636-17-0325,B636-17-0325,Normal636-17-0325,p832,2/25/2019,18:37,Cash,9.5
343-75-9322,B343-75-9322,Member343-75-9322,p833,1/9/2019,16:34,Cash,4.1
528-14-9470,A528-14-9470,Member528-14-9470,p834,2/14/2019,14:42,Ewallet,9.2
427-45-9297,B427-45-9297,Member427-45-9297,p835,3/12/2019,11:01,Ewallet,5.4
807-34-3742,A807-34-3742,Normal807-34-3742,p836,3/26/2019,19:44,Cash,5.8
288-62-1085,A288-62-1085,Member288-62-1085,p837,1/9/2019,13:34,Ewallet,5.6
670-71-7306,B670-71-7306,Normal670-71-7306,p838,1/2/2019,20:08,Credit card,5.1
660-29-7083,C660-29-7083,Normal660-29-7083,p839,1/15/2019,15:01,Cash,5.8
271-77-8740,C271-77-8740,Member271-77-8740,p840,1/1/2019,11:40,Ewallet,5
497-36-0989,A497-36-0989,Normal497-36-0989,p841,2/15/2019,15:21,Cash,7.9
291-59-1384,B291-59-1384,Normal291-59-1384,p842,2/28/2019,17:38,Cash,6
860-73-6466,A860-73-6466,Member860-73-6466,p843,3/2/2019,16:16,Credit card,5
549-23-9016,C549-23-9016,Member549-23-9016,p844,2/13/2019,18:15,Credit card,8.9
896-34-0956,A896-34-0956,Normal896-34-0956,p845,1/26/2019,12:43,Cash,5.9
804-38-3935,A804-38-3935,Member804-38-3935,p846,1/30/2019,11:32,Credit card,5.9
585-90-0249,A585-90-0249,Member585-90-0249,p847,1/27/2019,18:08,Ewallet,9.7
862-29-5914,C862-29-5914,Normal862-29-5914,p848,1/30/2019,17:08,Credit card,8.6
845-94-6841,C845-94-6841,Member845-94-6841,p849,1/8/2019,19:38,Cash,4
125-45-2293,A125-45-2293,Normal125-45-2293,p850,1/19/2019,13:11,Cash,4.2
843-73-4724,A843-73-4724,Normal843-73-4724,p851,1/25/2019,11:05,Cash,9.2
409-33-9708,A409-33-9708,Normal409-33-9708,p852,2/19/2019,10:12,Ewallet,9.2
658-66-3967,C658-66-3967,Normal658-66-3967,p853,1/14/2019,15:42,Ewallet,5
866-70-2814,B866-70-2814,Normal866-70-2814,p854,2/25/2019,11:58,Ewallet,10
160-22-2687,A160-22-2687,Member160-22-2687,p855,1/23/2019,14:21,Ewallet,8.8
895-03-6665,B895-03-6665,Normal895-03-6665,p856,2/16/2019,10:52,Cash,4.2
770-42-8960,B770-42-8960,Normal770-42-8960,p857,1/1/2019,19:31,Cash,6.3
748-45-2862,A748-45-2862,Member748-45-2862,p858,3/7/2019,18:35,Cash,8.2
234-36-2483,B234-36-2483,Normal234-36-2483,p859,2/15/2019,13:51,Cash,5.1
316-66-3011,A316-66-3011,Member316-66-3011,p860,1/23/2019,12:35,Cash,5
848-95-6252,C848-95-6252,Member848-95-6252,p861,2/20/2019,13:24,Ewallet,7
840-76-5966,A840-76-5966,Member840-76-5966,p862,1/8/2019,18:06,Ewallet,7.8
152-03-4217,B152-03-4217,Normal152-03-4217,p863,3/17/2019,11:55,Credit card,4.3
533-66-5566,B533-66-5566,Normal533-66-5566,p864,1/12/2019,11:42,Cash,7
124-31-1458,A124-31-1458,Member124-31-1458,p865,1/8/2019,14:30,Cash,6.6
176-78-1170,C176-78-1170,Member176-78-1170,p866,1/26/2019,15:11,Ewallet,7.3
361-59-0574,B361-59-0574,Member361-59-0574,p867,3/15/2019,14:48,Credit card,6.5
101-81-4070,C101-81-4070,Member101-81-4070,p868,1/17/2019,12:36,Ewallet,4.9
631-34-1880,C631-34-1880,Member631-34-1880,p869,1/8/2019,19:09,Credit card,4.3
852-82-2749,A852-82-2749,Normal852-82-2749,p870,1/6/2019,13:35,Ewallet,9.3
873-14-6353,A873-14-6353,Member873-14-6353,p871,2/16/2019,10:33,Credit card,7.1
584-66-4073,C584-66-4073,Normal584-66-4073,p872,3/13/2019,15:45,Ewallet,9.6
544-55-9589,B544-55-9589,Member544-55-9589,p873,1/28/2019,11:51,Cash,6.2
166-19-2553,A166-19-2553,Member166-19-2553,p874,1/18/2019,17:26,Cash,9.9
737-88-5876,A737-88-5876,Member737-88-5876,p875,3/19/2019,11:52,Credit card,5.9
154-87-7367,C154-87-7367,Normal154-87-7367,p876,3/15/2019,14:04,Ewallet,6.3
885-56-0389,C885-56-0389,Member885-56-0389,p877,2/12/2019,17:49,Cash,4
608-05-3804,B608-05-3804,Member608-05-3804,p878,2/25/2019,20:19,Cash,6.1
448-61-3783,A448-61-3783,Normal448-61-3783,p879,3/21/2019,16:08,Credit card,4.5
761-49-0439,B761-49-0439,Member761-49-0439,p880,1/19/2019,10:17,Ewallet,8.6
490-95-0021,B490-95-0021,Member490-95-0021,p881,1/8/2019,14:25,Ewallet,6
115-38-7388,C115-38-7388,Member115-38-7388,p882,3/30/2019,12:51,Credit card,9.5
311-13-6971,B311-13-6971,Member311-13-6971,p883,2/20/2019,15:18,Credit card,9.9
291-55-6563,A291-55-6563,Member291-55-6563,p884,3/30/2019,12:45,Ewallet,7.5
548-48-3156,A548-48-3156,Member548-48-3156,p885,3/19/2019,13:37,Cash,7.6
460-93-5834,A460-93-5834,Normal460-93-5834,p886,1/13/2019,10:03,Cash,5
325-89-4209,A325-89-4209,Member325-89-4209,p887,2/5/2019,19:42,Ewallet,6.7
884-80-6021,A884-80-6021,Member884-80-6021,p888,3/23/2019,13:14,Ewallet,9.5
137-74-8729,C137-74-8729,Normal137-74-8729,p889,3/13/2019,12:47,Ewallet,6.8
880-46-5796,A880-46-5796,Member880-46-5796,p890,3/17/2019,19:53,Ewallet,5.6
389-70-2397,C389-70-2397,Normal389-70-2397,p891,2/21/2019,10:26,Cash,7.2
114-35-5271,B114-35-5271,Normal114-35-5271,p892,2/7/2019,15:06,Cash,8.1
607-76-6216,C607-76-6216,Member607-76-6216,p893,3/2/2019,16:35,Credit card,8.6
715-20-1673,B715-20-1673,Normal715-20-1673,p894,3/6/2019,20:57,Cash,9.4
811-35-1094,B811-35-1094,Member811-35-1094,p895,2/6/2019,15:16,Credit card,8.9
699-88-1972,B699-88-1972,Normal699-88-1972,p896,1/28/2019,17:47,Credit card,4.2
781-84-8059,C781-84-8059,Normal781-84-8059,p897,1/18/2019,16:23,Ewallet,5
409-49-6995,C409-49-6995,Member409-49-6995,p898,2/5/2019,10:17,Cash,8.8
725-54-0677,C725-54-0677,Member725-54-0677,p899,3/2/2019,13:50,Cash,5.3
146-09-5432,A146-09-5432,Member146-09-5432,p900,2/9/2019,19:17,Ewallet,4.6
377-79-7592,C377-79-7592,Member377-79-7592,p901,1/14/2019,14:00,Credit card,7.5
509-10-0516,B509-10-0516,Normal509-10-0516,p902,2/9/2019,12:02,Ewallet,5.1
595-94-9924,A595-94-9924,Member595-94-9924,p903,3/26/2019,20:21,Credit card,4.2
865-41-9075,A865-41-9075,Normal865-41-9075,p904,1/28/2019,17:35,Cash,8.1
545-07-8534,C545-07-8534,Normal545-07-8534,p905,2/14/2019,12:42,Ewallet,6
118-62-1812,C118-62-1812,Member118-62-1812,p906,3/24/2019,17:56,Cash,7.9
450-42-3339,C450-42-3339,Normal450-42-3339,p907,2/9/2019,18:58,Credit card,8.8
851-98-3555,B851-98-3555,Normal851-98-3555,p908,3/24/2019,14:08,Credit card,6.6
186-71-5196,A186-71-5196,Member186-71-5196,p909,3/27/2019,16:30,Ewallet,6.2
624-01-8356,B624-01-8356,Normal624-01-8356,p910,1/27/2019,10:44,Credit card,4.2
313-66-9943,B313-66-9943,Member313-66-9943,p911,3/27/2019,20:29,Credit card,7.3
151-27-8496,C151-27-8496,Normal151-27-8496,p912,1/19/2019,11:43,Ewallet,8.6
453-33-6436,A453-33-6436,Normal453-33-6436,p913,2/7/2019,10:09,Cash,6.8
522-57-8364,A522-57-8364,Member522-57-8364,p914,1/31/2019,10:00,Ewallet,7.6
459-45-2396,A459-45-2396,Member459-45-2396,p915,2/25/2019,18:45,Cash,5.8
717-96-4189,C717-96-4189,Normal717-96-4189,p916,2/2/2019,12:40,Cash,4.1
722-13-2115,C722-13-2115,Member722-13-2115,p917,3/14/2019,15:36,Credit card,9.3
749-81-8133,A749-81-8133,Normal749-81-8133,p918,3/11/2019,12:04,Cash,6.8
777-67-2495,B777-67-2495,Normal777-67-2495,p919,2/22/2019,11:26,Ewallet,8.7
636-98-3364,B636-98-3364,Member636-98-3364,p920,3/2/2019,12:36,Ewallet,6.3
246-55-6923,C246-55-6923,Member246-55-6923,p921,3/10/2019,15:06,Credit card,5.1
181-82-6255,B181-82-6255,Normal181-82-6255,p922,2/8/2019,10:58,Cash,7
838-02-1821,C838-02-1821,Member838-02-1821,p923,2/22/2019,12:10,Credit card,5.2
887-42-0517,C887-42-0517,Normal887-42-0517,p924,1/10/2019,10:31,Credit card,6.6
457-12-0244,C457-12-0244,Member457-12-0244,p925,3/14/2019,13:49,Ewallet,6.5
226-34-0034,B226-34-0034,Normal226-34-0034,p926,1/10/2019,11:10,Ewallet,9
321-49-7382,B321-49-7382,Member321-49-7382,p927,2/15/2019,17:38,Credit card,5.2
397-25-8725,A397-25-8725,Member397-25-8725,p928,1/13/2019,17:54,Credit card,6.8
431-66-2305,B431-66-2305,Normal431-66-2305,p929,2/15/2019,20:51,Credit card,7.6
825-94-5922,B825-94-5922,Normal825-94-5922,p930,3/2/2019,19:26,Ewallet,7.2
641-62-7288,B641-62-7288,Normal641-62-7288,p931,3/24/2019,13:33,Ewallet,7.1
756-93-1854,C756-93-1854,Member756-93-1854,p932,2/2/2019,14:05,Credit card,9.5
243-55-8457,A243-55-8457,Normal243-55-8457,p933,2/27/2019,11:40,Ewallet,5.1
458-10-8612,C458-10-8612,Normal458-10-8612,p934,1/20/2019,12:27,Ewallet,7.6
501-61-1753,B501-61-1753,Normal501-61-1753,p935,1/3/2019,20:24,Ewallet,9.8
235-06-8510,C235-06-8510,Member235-06-8510,p936,1/24/2019,20:59,Ewallet,5.1
433-08-7822,C433-08-7822,Normal433-08-7822,p937,1/5/2019,19:48,Ewallet,7.5
361-85-2571,A361-85-2571,Normal361-85-2571,p938,3/30/2019,10:18,Cash,7.4
131-70-8179,A131-70-8179,Member131-70-8179,p939,2/17/2019,16:27,Cash,4.2
500-02-2261,C500-02-2261,Normal500-02-2261,p940,3/21/2019,17:04,Ewallet,5.9
720-72-2436,A720-72-2436,Normal720-72-2436,p941,3/2/2019,18:14,Ewallet,6.9
702-83-5291,C702-83-5291,Member702-83-5291,p942,3/27/2019,10:43,Cash,6.6
809-69-9497,A809-69-9497,Normal809-69-9497,p943,1/19/2019,19:30,Ewallet,5.7
449-16-6770,A449-16-6770,Normal449-16-6770,p944,2/19/2019,14:53,Credit card,5.3
333-23-2632,A333-23-2632,Member333-23-2632,p945,3/28/2019,20:14,Cash,4.2
489-82-1237,A489-82-1237,Normal489-82-1237,p946,1/5/2019,11:51,Credit card,7.3
859-97-6048,C859-97-6048,Member859-97-6048,p947,3/26/2019,14:13,Credit card,5.3
676-10-2200,B676-10-2200,Member676-10-2200,p948,2/3/2019,20:13,Ewallet,4.7
373-88-1424,C373-88-1424,Member373-88-1424,p949,2/6/2019,18:44,Ewallet,7.9
365-16-4334,B365-16-4334,Normal365-16-4334,p950,2/24/2019,14:26,Ewallet,8.9
503-21-4385,B503-21-4385,Member503-21-4385,p951,2/21/2019,12:40,Ewallet,9.3
305-89-2768,B305-89-2768,Member305-89-2768,p952,1/9/2019,18:43,Ewallet,4.7
574-80-1489,B574-80-1489,Member574-80-1489,p953,2/25/2019,13:22,Ewallet,8.7
784-08-0310,C784-08-0310,Member784-08-0310,p954,1/13/2019,13:58,Cash,7.6
200-40-6154,B200-40-6154,Member200-40-6154,p955,2/9/2019,11:45,Cash,5.7
846-10-0341,A846-10-0341,Normal846-10-0341,p956,1/6/2019,11:51,Cash,6.8
577-34-7579,C577-34-7579,Member577-34-7579,p957,1/10/2019,17:16,Cash,5.4
430-02-3888,B430-02-3888,Normal430-02-3888,p958,2/7/2019,15:55,Cash,7.1
867-47-1948,C867-47-1948,Normal867-47-1948,p959,1/9/2019,12:07,Cash,7.8
384-59-6655,A384-59-6655,Member384-59-6655,p960,2/19/2019,15:07,Cash,8.4
256-58-3609,C256-58-3609,Member256-58-3609,p961,3/18/2019,15:29,Cash,9.8
324-92-3863,A324-92-3863,Member324-92-3863,p962,2/5/2019,18:45,Cash,9.8
593-08-5916,A593-08-5916,Normal593-08-5916,p963,3/19/2019,15:23,Credit card,7.4
364-34-2972,C364-34-2972,Member364-34-2972,p964,3/30/2019,20:37,Cash,6.7
794-42-3736,B794-42-3736,Normal794-42-3736,p965,1/26/2019,14:41,Credit card,6.4
172-42-8274,B172-42-8274,Normal172-42-8274,p966,3/2/2019,18:18,Credit card,5.8
558-60-5016,A558-60-5016,Normal558-60-5016,p967,3/4/2019,15:27,Ewallet,7.2
195-06-0432,A195-06-0432,Member195-06-0432,p968,1/13/2019,12:55,Credit card,9.3
605-03-2706,A605-03-2706,Normal605-03-2706,p969,3/25/2019,18:02,Cash,9.5
214-30-2776,B214-30-2776,Member214-30-2776,p970,3/11/2019,19:44,Credit card,9
746-04-1077,B746-04-1077,Member746-04-1077,p971,1/1/2019,11:36,Credit card,9
448-34-8700,B448-34-8700,Member448-34-8700,p972,2/10/2019,13:51,Ewallet,6.7
452-04-8808,B452-04-8808,Normal452-04-8808,p973,1/26/2019,15:17,Cash,5.5
531-56-4728,A531-56-4728,Normal531-56-4728,p974,2/11/2019,15:29,Cash,5.4
744-82-9138,C744-82-9138,Normal744-82-9138,p975,2/7/2019,17:59,Cash,8.2
883-69-1285,B883-69-1285,Member883-69-1285,p976,3/6/2019,11:55,Credit card,7
221-25-5073,A221-25-5073,Normal221-25-5073,p977,3/4/2019,10:39,Cash,8.5
518-71-6847,B518-71-6847,Member518-71-6847,p978,2/26/2019,15:10,Ewallet,4.9
156-20-0370,B156-20-0370,Normal156-20-0370,p979,3/10/2019,18:10,Credit card,5.1
151-33-7434,B151-33-7434,Normal151-33-7434,p980,2/4/2019,20:43,Credit card,6.5
728-47-9078,C728-47-9078,Member728-47-9078,p981,1/19/2019,12:46,Cash,9.8
809-46-1866,A809-46-1866,Normal809-46-1866,p982,1/23/2019,17:44,Cash,8.4
139-32-4183,A139-32-4183,Member139-32-4183,p983,3/14/2019,14:19,Ewallet,7.4
148-41-7930,C148-41-7930,Normal148-41-7930,p984,1/23/2019,10:33,Cash,6.1
189-40-5216,C189-40-5216,Normal189-40-5216,p985,1/9/2019,11:40,Cash,6
374-38-5555,B374-38-5555,Normal374-38-5555,p986,2/7/2019,19:30,Ewallet,8.5
764-44-8999,B764-44-8999,Normal764-44-8999,p987,2/18/2019,14:42,Ewallet,4.3
552-44-5977,B552-44-5977,Member552-44-5977,p988,1/3/2019,19:08,Credit card,6.2
267-62-7380,C267-62-7380,Member267-62-7380,p989,3/29/2019,19:12,Ewallet,4.3
430-53-4718,B430-53-4718,Member430-53-4718,p990,1/28/2019,15:46,Credit card,8.4
886-18-2897,A886-18-2897,Normal886-18-2897,p991,3/22/2019,19:06,Credit card,4.5
602-16-6955,B602-16-6955,Normal602-16-6955,p992,1/24/2019,18:10,Ewallet,6
745-74-0715,A745-74-0715,Normal745-74-0715,p993,3/10/2019,20:46,Ewallet,8.8
690-01-6631,B690-01-6631,Normal690-01-6631,p994,2/22/2019,18:35,Ewallet,6.6
652-49-6720,C652-49-6720,Member652-49-6720,p995,2/18/2019,11:40,Ewallet,5.9
233-67-5758,C233-67-5758,Normal233-67-5758,p996,1/29/2019,13:46,Ewallet,6.2
303-96-2227,B303-96-2227,Normal303-96-2227,p997,3/2/2019,17:16,Ewallet,4.4
727-02-1313,A727-02-1313,Member727-02-1313,p998,2/9/2019,13:22,Cash,7.7
347-56-2442,A347-56-2442,Normal347-56-2442,p999,2/22/2019,15:33,Cash,4.1
849-09-3807,A849-09-3807,Member849-09-3807,p1000,2/18/2019,13:28,Cash,6.6
