sales_id,Invoice ID,Quantity,Tax,Total,cogs,gross margin percentage,gross_income
s750-67-8428,750-67-8428,7,26.1415,548.9715,522.83,4.761904762,26.1415
s226-31-3081,226-31-3081,5,3.82,80.22,76.4,4.761904762,3.82
s631-41-3108,631-41-3108,7,16.2155,340.5255,324.31,4.761904762,16.2155
s123-19-1176,123-19-1176,8,23.288,489.048,465.76,4.761904762,23.288
s373-73-7910,373-73-7910,7,30.2085,634.3785,604.17,4.761904762,30.2085
s699-14-3026,699-14-3026,7,29.8865,627.6165,597.73,4.761904762,29.8865
s355-53-5943,355-53-5943,6,20.652,433.692,413.04,4.761904762,20.652
s315-22-5665,315-22-5665,10,36.78,772.38,735.6,4.761904762,36.78
s665-32-9167,665-32-9167,2,3.626,76.146,72.52,4.761904762,3.626
s692-92-5582,692-92-5582,3,8.226,172.746,164.52,4.761904762,8.226
s351-62-0822,351-62-0822,4,2.896,60.816,57.92,4.761904762,2.896
s529-56-3974,529-56-3974,4,5.102,107.142,102.04,4.761904762,5.102
s365-64-0515,365-64-0515,5,11.7375,246.4875,234.75,4.761904762,11.7375
s252-56-2699,252-56-2699,10,21.595,453.495,431.9,4.761904762,21.595
s829-34-3910,829-34-3910,10,35.69,749.49,713.8,4.761904762,35.69
s299-46-1805,299-46-1805,6,28.116,590.436,562.32,4.761904762,28.116
s656-95-9349,656-95-9349,7,24.1255,506.6355,482.51,4.761904762,24.1255
s765-26-6951,765-26-6951,6,21.783,457.443,435.66,4.761904762,21.783
s329-62-1586,329-62-1586,3,8.2005,172.2105,164.01,4.761904762,8.2005
s319-50-3348,319-50-3348,2,4.03,84.63,80.6,4.761904762,4.03
s300-71-4605,300-71-4605,5,21.51,451.71,430.2,4.761904762,21.51
s371-85-5789,371-85-5789,3,13.197,277.137,263.94,4.761904762,13.197
s273-16-6619,273-16-6619,2,3.32,69.72,66.4,4.761904762,3.32
s636-48-8204,636-48-8204,5,8.64,181.44,172.8,4.761904762,8.64
s549-59-1358,549-59-1358,3,13.2945,279.1845,265.89,4.761904762,13.2945
s227-03-5010,227-03-5010,8,21.036,441.756,420.72,4.761904762,21.036
s649-29-6775,649-29-6775,1,1.676,35.196,33.52,4.761904762,1.676
s189-17-4241,189-17-4241,2,8.767,184.107,175.34,4.761904762,8.767
s145-94-9061,145-94-9061,5,22.09,463.89,441.8,4.761904762,22.09
s848-62-7243,848-62-7243,9,11.2005,235.2105,224.01,4.761904762,11.2005
s871-79-8483,871-79-8483,5,23.5325,494.1825,470.65,4.761904762,23.5325
s149-71-6266,149-71-6266,9,35.1315,737.7615,702.63,4.761904762,35.1315
s640-49-2076,640-49-2076,8,33.512,703.752,670.24,4.761904762,33.512
s595-11-5460,595-11-5460,2,9.658,202.818,193.16,4.761904762,9.658
s183-56-6882,183-56-6882,4,19.884,417.564,397.68,4.761904762,19.884
s232-16-2483,232-16-2483,1,3.406,71.526,68.12,4.761904762,3.406
s129-29-8530,129-29-8530,5,15.655,328.755,313.1,4.761904762,15.655
s272-65-1806,272-65-1806,9,27.396,575.316,547.92,4.761904762,27.396
s333-73-7901,333-73-7901,8,21.968,461.328,439.36,4.761904762,21.968
s777-82-7220,777-82-7220,8,12.048,253.008,240.96,4.761904762,12.048
s280-35-5823,280-35-5823,1,4.336,91.056,86.72,4.761904762,4.336
s554-53-8700,554-53-8700,2,5.611,117.831,112.22,4.761904762,5.611
s354-25-5821,354-25-5821,6,20.736,435.456,414.72,4.761904762,20.736
s228-96-1411,228-96-1411,8,39.48,829.08,789.6,4.761904762,39.48
s617-15-4209,617-15-4209,2,1.537,32.277,30.74,4.761904762,1.537
s132-32-9879,132-32-9879,4,18.792,394.632,375.84,4.761904762,18.792
s370-41-7321,370-41-7321,9,25.5105,535.7205,510.21,4.761904762,25.5105
s727-46-3608,727-46-3608,9,9.0045,189.0945,180.09,4.761904762,9.0045
s669-54-1719,669-54-1719,6,5.679,119.259,113.58,4.761904762,5.679
s574-22-5561,574-22-5561,10,41.315,867.615,826.3,4.761904762,41.315
s326-78-5178,326-78-5178,7,31.99,671.79,639.8,4.761904762,31.99
s162-48-8011,162-48-8011,5,11.1475,234.0975,222.95,4.761904762,11.1475
s616-24-2851,616-24-2851,4,3.574,75.054,71.48,4.761904762,3.574
s778-71-5554,778-71-5554,1,0.7715,16.2015,15.43,4.761904762,0.7715
s242-55-6721,242-55-6721,2,1.616,33.936,32.32,4.761904762,1.616
s399-46-5918,399-46-5918,8,34.392,722.232,687.84,4.761904762,34.392
s106-35-6779,106-35-6779,2,4.434,93.114,88.68,4.761904762,4.434
s635-40-6220,635-40-6220,8,35.84,752.64,716.8,4.761904762,35.84
s817-48-8732,817-48-8732,10,36.175,759.675,723.5,4.761904762,36.175
s120-06-4233,120-06-4233,6,9.183,192.843,183.66,4.761904762,9.183
s285-68-5083,285-68-5083,3,3.711,77.931,74.22,4.761904762,3.711
s803-83-5989,803-83-5989,6,16.719,351.099,334.38,4.761904762,16.719
s347-34-2234,347-34-2234,9,24.7815,520.4115,495.63,4.761904762,24.7815
s199-75-8169,199-75-8169,10,7.905,166.005,158.1,4.761904762,7.905
s853-23-2453,853-23-2453,4,15.148,318.108,302.96,4.761904762,15.148
s877-22-3308,877-22-3308,10,7.935,166.635,158.7,4.761904762,7.935
s838-78-4295,838-78-4295,2,3.347,70.287,66.94,4.761904762,3.347
s109-28-2512,109-28-2512,6,29.283,614.943,585.66,4.761904762,29.283
s232-11-3025,232-11-3025,10,39.385,827.085,787.7,4.761904762,39.385
s382-03-4532,382-03-4532,1,0.9165,19.2465,18.33,4.761904762,0.9165
s393-65-2792,393-65-2792,10,44.74,939.54,894.8,4.761904762,44.74
s796-12-2025,796-12-2025,10,31.06,652.26,621.2,4.761904762,31.06
s510-95-6347,510-95-6347,3,7.278,152.838,145.56,4.761904762,7.278
s841-35-6630,841-35-6630,6,22.773,478.233,455.46,4.761904762,22.773
s287-21-9091,287-21-9091,9,33.6015,705.6315,672.03,4.761904762,33.6015
s732-94-0499,732-94-0499,10,20.825,437.325,416.5,4.761904762,20.825
s263-10-3913,263-10-3913,9,22.068,463.428,441.36,4.761904762,22.068
s381-20-0914,381-20-0914,9,9.0045,189.0945,180.09,4.761904762,9.0045
s829-49-1914,829-49-1914,10,39.155,822.255,783.1,4.761904762,39.155
s756-01-7507,756-01-7507,5,5.095,106.995,101.9,4.761904762,5.095
s870-72-4431,870-72-4431,6,29.757,624.897,595.14,4.761904762,29.757
s847-38-7188,847-38-7188,3,14.502,304.542,290.04,4.761904762,14.502
s480-63-2856,480-63-2856,8,7.7,161.7,154,4.761904762,7.7
s787-56-0757,787-56-0757,4,16.072,337.512,321.44,4.761904762,16.072
s360-39-5055,360-39-5055,5,12.2275,256.7775,244.55,4.761904762,12.2275
s730-50-9884,730-50-9884,7,29.071,610.491,581.42,4.761904762,29.071
s362-58-8315,362-58-8315,5,19.13,401.73,382.6,4.761904762,19.13
s633-44-8566,633-44-8566,7,17.283,362.943,345.66,4.761904762,17.283
s504-35-8843,504-35-8843,1,2.1235,44.5935,42.47,4.761904762,2.1235
s318-68-5053,318-68-5053,6,23.097,485.037,461.94,4.761904762,23.097
s565-80-5980,565-80-5980,4,9.476,198.996,189.52,4.761904762,9.476
s225-32-0908,225-32-0908,10,22.43,471.03,448.6,4.761904762,22.43
s873-51-0671,873-51-0671,7,7.693,161.553,153.86,4.761904762,7.693
s152-08-9985,152-08-9985,9,28.962,608.202,579.24,4.761904762,28.962
s512-91-0811,512-91-0811,1,4.4875,94.2375,89.75,4.761904762,4.4875
s594-34-4444,594-34-4444,1,4.858,102.018,97.16,4.761904762,4.858
s766-85-7061,766-85-7061,10,43.935,922.635,878.7,4.761904762,43.935
s871-39-9221,871-39-9221,6,3.735,78.435,74.7,4.761904762,3.735
s865-92-6136,865-92-6136,3,7.9125,166.1625,158.25,4.761904762,7.9125
s733-01-9107,733-01-9107,6,24.81,521.01,496.2,4.761904762,24.81
s163-56-7055,163-56-7055,1,2.4355,51.1455,48.71,4.761904762,2.4355
s189-98-2939,189-98-2939,9,35.3475,742.2975,706.95,4.761904762,35.3475
s551-21-3069,551-21-3069,9,10.3815,218.0115,207.63,4.761904762,10.3815
s212-62-1842,212-62-1842,6,17.478,367.038,349.56,4.761904762,17.478
s716-39-1409,716-39-1409,7,10.6225,223.0725,212.45,4.761904762,10.6225
s704-48-3927,704-48-3927,10,44.335,931.035,886.7,4.761904762,44.335
s628-34-3388,628-34-3388,6,8.214,172.494,164.28,4.761904762,8.214
s630-74-5166,630-74-5166,6,18.639,391.419,372.78,4.761904762,18.639
s588-01-7461,588-01-7461,9,15.291,321.111,305.82,4.761904762,15.291
s861-77-0145,861-77-0145,10,40.985,860.685,819.7,4.761904762,40.985
s479-26-8945,479-26-8945,2,1.649,34.629,32.98,4.761904762,1.649
s210-67-5886,210-67-5886,3,14.7315,309.3615,294.63,4.761904762,14.7315
s227-78-1148,227-78-1148,7,25.494,535.374,509.88,4.761904762,25.494
s645-44-1170,645-44-1170,9,26.1315,548.7615,522.63,4.761904762,26.1315
s237-01-6122,237-01-6122,9,36.3555,763.4655,727.11,4.761904762,36.3555
s225-98-1496,225-98-1496,3,4.053,85.113,81.06,4.761904762,4.053
s291-32-1427,291-32-1427,5,5.485,115.185,109.7,4.761904762,5.485
s659-65-8956,659-65-8956,1,2.568,53.928,51.36,4.761904762,2.568
s642-32-2990,642-32-2990,10,5.48,115.08,109.6,4.761904762,5.48
s378-24-2715,378-24-2715,2,5.344,112.224,106.88,4.761904762,5.344
s638-60-7125,638-60-7125,8,39.824,836.304,796.48,4.761904762,39.824
s659-36-1684,659-36-1684,7,19.992,419.832,399.84,4.761904762,19.992
s219-22-9386,219-22-9386,9,44.982,944.622,899.64,4.761904762,44.982
s336-78-2147,336-78-2147,8,25.564,536.844,511.28,4.761904762,25.564
s268-27-6179,268-27-6179,8,22.588,474.348,451.76,4.761904762,22.588
s668-90-8900,668-90-8900,7,32.7915,688.6215,655.83,4.761904762,32.7915
s870-54-3162,870-54-3162,5,8.0625,169.3125,161.25,4.761904762,8.0625
s189-08-9157,189-08-9157,9,14.2785,299.8485,285.57,4.761904762,14.2785
s663-86-9076,663-86-9076,8,27.416,575.736,548.32,4.761904762,27.416
s549-84-7482,549-84-7482,9,40.626,853.146,812.52,4.761904762,40.626
s191-10-6171,191-10-6171,7,13.867,291.207,277.34,4.761904762,13.867
s802-70-5316,802-70-5316,6,27.639,580.419,552.78,4.761904762,27.639
s695-51-0018,695-51-0018,4,6.968,146.328,139.36,4.761904762,6.968
s590-83-4591,590-83-4591,6,26.235,550.935,524.7,4.761904762,26.235
s483-71-1164,483-71-1164,6,24.39,512.19,487.8,4.761904762,24.39
s597-78-7908,597-78-7908,3,13.533,284.193,270.66,4.761904762,13.533
s700-81-1757,700-81-1757,5,6.5775,138.1275,131.55,4.761904762,6.5775
s354-39-5160,354-39-5160,6,10.326,216.846,206.52,4.761904762,10.326
s241-72-9525,241-72-9525,10,25.955,545.055,519.1,4.761904762,25.955
s575-30-8091,575-30-8091,8,29,609,580,4.761904762,29
s731-81-9469,731-81-9469,10,44.9,942.9,898,4.761904762,44.9
s280-17-4359,280-17-4359,10,45.25,950.25,905,4.761904762,45.25
s338-65-2210,338-65-2210,10,34.3,720.3,686,4.761904762,34.3
s488-25-4221,488-25-4221,1,1.5205,31.9305,30.41,4.761904762,1.5205
s239-10-7476,239-10-7476,6,23.385,491.085,467.7,4.761904762,23.385
s458-41-1477,458-41-1477,6,13.878,291.438,277.56,4.761904762,13.878
s685-64-1609,685-64-1609,10,15.07,316.47,301.4,4.761904762,15.07
s568-90-5112,568-90-5112,4,13.228,277.788,264.56,4.761904762,13.228
s262-47-2794,262-47-2794,8,28.744,603.624,574.88,4.761904762,28.744
s238-49-0436,238-49-0436,8,12.984,272.664,259.68,4.761904762,12.984
s608-96-3517,608-96-3517,4,18.308,384.468,366.16,4.761904762,18.308
s584-86-7256,584-86-7256,7,12.096,254.016,241.92,4.761904762,12.096
s746-94-0204,746-94-0204,9,37.458,786.618,749.16,4.761904762,37.458
s214-17-6927,214-17-6927,6,4.944,103.824,98.88,4.761904762,4.944
s400-89-4171,400-89-4171,8,32.388,680.148,647.76,4.761904762,32.388
s782-95-9291,782-95-9291,5,23.0725,484.5225,461.45,4.761904762,23.0725
s279-74-2924,279-74-2924,1,3.6085,75.7785,72.17,4.761904762,3.6085
s307-85-2293,307-85-2293,5,12.57,263.97,251.4,4.761904762,12.57
s743-04-1105,743-04-1105,9,43.749,918.729,874.98,4.761904762,43.749
s423-57-2993,423-57-2993,6,28.017,588.357,560.34,4.761904762,28.017
s894-41-5205,894-41-5205,8,17.272,362.712,345.44,4.761904762,17.272
s275-28-0149,275-28-0149,1,3.1845,66.8745,63.69,4.761904762,3.1845
s101-17-6199,101-17-6199,7,16.0265,336.5565,320.53,4.761904762,16.0265
s423-80-0988,423-80-0988,2,7.64,160.44,152.8,4.761904762,7.64
s548-46-9322,548-46-9322,10,19.95,418.95,399,4.761904762,19.95
s505-02-0892,505-02-0892,8,17.028,357.588,340.56,4.761904762,17.028
s234-65-2137,234-65-2137,10,47.79,1003.59,955.8,4.761904762,47.79
s687-47-8271,687-47-8271,10,49.49,1039.29,989.8,4.761904762,49.49
s796-32-9050,796-32-9050,6,15.384,323.064,307.68,4.761904762,15.384
s105-31-1824,105-31-1824,7,24.332,510.972,486.64,4.761904762,24.332
s249-42-3782,249-42-3782,5,17.5025,367.5525,350.05,4.761904762,17.5025
s316-55-4634,316-55-4634,5,20.0125,420.2625,400.25,4.761904762,20.0125
s733-33-4967,733-33-4967,8,8.34,175.14,166.8,4.761904762,8.34
s608-27-6295,608-27-6295,6,15.867,333.207,317.34,4.761904762,15.867
s414-12-7047,414-12-7047,8,7.916,166.236,158.32,4.761904762,7.916
s827-26-2100,827-26-2100,9,15.228,319.788,304.56,4.761904762,15.228
s175-54-2529,175-54-2529,8,8.868,186.228,177.36,4.761904762,8.868
s139-52-2867,139-52-2867,7,7.8785,165.4485,157.57,4.761904762,7.8785
s407-63-8975,407-63-8975,6,22.164,465.444,443.28,4.761904762,22.164
s342-65-4817,342-65-4817,3,13.02,273.42,260.4,4.761904762,13.02
s130-98-8941,130-98-8941,7,22.491,472.311,449.82,4.761904762,22.491
s434-83-9547,434-83-9547,8,15.388,323.148,307.76,4.761904762,15.388
s851-28-6367,851-28-6367,10,7.75,162.75,155,4.761904762,7.75
s824-88-3614,824-88-3614,8,13.724,288.204,274.48,4.761904762,13.724
s586-25-0848,586-25-0848,7,4.319,90.699,86.38,4.761904762,4.319
s895-66-0685,895-66-0685,3,2.712,56.952,54.24,4.761904762,2.712
s305-14-0245,305-14-0245,8,37.796,793.716,755.92,4.761904762,37.796
s732-04-5373,732-04-5373,4,9.294,195.174,185.88,4.761904762,9.294
s400-60-7251,400-60-7251,1,3.7035,77.7735,74.07,4.761904762,3.7035
s593-65-1552,593-65-1552,4,13.962,293.202,279.24,4.761904762,13.962
s284-34-9626,284-34-9626,3,11.556,242.676,231.12,4.761904762,11.556
s437-58-8131,437-58-8131,2,7.352,154.392,147.04,4.761904762,7.352
s286-43-6208,286-43-6208,9,39.51,829.71,790.2,4.761904762,39.51
s641-43-2399,641-43-2399,4,5.11,107.31,102.2,4.761904762,5.11
s831-07-6050,831-07-6050,5,8.1775,171.7275,163.55,4.761904762,8.1775
s556-86-3144,556-86-3144,1,3.7145,78.0045,74.29,4.761904762,3.7145
s848-24-9445,848-24-9445,2,4.37,91.77,87.4,4.761904762,4.37
s856-22-8149,856-22-8149,1,1.2645,26.5545,25.29,4.761904762,1.2645
s699-01-4164,699-01-4164,4,8.3,174.3,166,4.761904762,8.3
s420-11-4919,420-11-4919,5,17.8475,374.7975,356.95,4.761904762,17.8475
s606-80-4905,606-80-4905,6,5.745,120.645,114.9,4.761904762,5.745
s542-41-0513,542-41-0513,4,11.498,241.458,229.96,4.761904762,11.498
s426-39-2418,426-39-2418,7,21.4935,451.3635,429.87,4.761904762,21.4935
s875-46-5808,875-46-5808,10,12.95,271.95,259,4.761904762,12.95
s394-43-4238,394-43-4238,5,4.4425,93.2925,88.85,4.761904762,4.4425
s749-24-1565,749-24-1565,9,10.3635,217.6335,207.27,4.761904762,10.3635
s672-51-8681,672-51-8681,9,29.9925,629.8425,599.85,4.761904762,29.9925
s263-87-5680,263-87-5680,10,14.265,299.565,285.3,4.761904762,14.265
s573-58-9734,573-58-9734,3,4.5555,95.6655,91.11,4.761904762,4.5555
s817-69-8206,817-69-8206,9,44.8785,942.4485,897.57,4.761904762,44.8785
s888-02-0338,888-02-0338,9,11.8035,247.8735,236.07,4.761904762,11.8035
s677-11-0152,677-11-0152,9,41.967,881.307,839.34,4.761904762,41.967
s142-63-6033,142-63-6033,5,23.09,484.89,461.8,4.761904762,23.09
s656-16-1063,656-16-1063,3,6.963,146.223,139.26,4.761904762,6.963
s891-58-8335,891-58-8335,7,10.3635,217.6335,207.27,4.761904762,10.3635
s802-43-8934,802-43-8934,1,0.914,19.194,18.28,4.761904762,0.914
s560-30-5617,560-30-5617,5,6.1925,130.0425,123.85,4.761904762,6.1925
s319-74-2561,319-74-2561,3,14.196,298.116,283.92,4.761904762,14.196
s549-03-9315,549-03-9315,8,37.948,796.908,758.96,4.761904762,37.948
s790-29-1172,790-29-1172,3,8.601,180.621,172.02,4.761904762,8.601
s239-36-3640,239-36-3640,6,13.605,285.705,272.1,4.761904762,13.605
s468-01-2051,468-01-2051,7,21.728,456.288,434.56,4.761904762,21.728
s389-25-3394,389-25-3394,5,2.9525,62.0025,59.05,4.761904762,2.9525
s279-62-1445,279-62-1445,1,0.627,13.167,12.54,4.761904762,0.627
s213-72-6612,213-72-6612,2,4.325,90.825,86.5,4.761904762,4.325
s746-68-6593,746-68-6593,2,8.716,183.036,174.32,4.761904762,8.716
s836-82-5858,836-82-5858,9,31.2165,655.5465,624.33,4.761904762,31.2165
s583-72-1480,583-72-1480,4,7.412,155.652,148.24,4.761904762,7.412
s466-61-5506,466-61-5506,6,27.21,571.41,544.2,4.761904762,27.21
s721-86-6247,721-86-6247,8,25.368,532.728,507.36,4.761904762,25.368
s289-65-5721,289-65-5721,2,8.137,170.877,162.74,4.761904762,8.137
s545-46-3100,545-46-3100,3,1.5885,33.3585,31.77,4.761904762,1.5885
s418-02-5978,418-02-5978,9,37.8405,794.6505,756.81,4.761904762,37.8405
s269-04-5750,269-04-5750,4,14.764,310.044,295.28,4.761904762,14.764
s157-13-5295,157-13-5295,10,25.97,545.37,519.4,4.761904762,25.97
s645-78-8093,645-78-8093,2,9.314,195.594,186.28,4.761904762,9.314
s211-30-9270,211-30-9270,5,4.3525,91.4025,87.05,4.761904762,4.3525
s755-12-3214,755-12-3214,5,11.055,232.155,221.1,4.761904762,11.055
s346-84-3103,346-84-3103,5,3.305,69.405,66.1,4.761904762,3.305
s478-06-7835,478-06-7835,1,4.4845,94.1745,89.69,4.761904762,4.4845
s540-11-4336,540-11-4336,9,11.223,235.683,224.46,4.761904762,11.223
s448-81-5016,448-81-5016,2,5.977,125.517,119.54,4.761904762,5.977
s142-72-4741,142-72-4741,2,9.32,195.72,186.4,4.761904762,9.32
s217-58-1179,217-58-1179,4,12.53,263.13,250.6,4.761904762,12.53
s376-02-8238,376-02-8238,8,37.548,788.508,750.96,4.761904762,37.548
s530-90-9855,530-90-9855,8,19.036,399.756,380.72,4.761904762,19.036
s866-05-7563,866-05-7563,3,12.21,256.41,244.2,4.761904762,12.21
s604-70-6476,604-70-6476,5,4.485,94.185,89.7,4.761904762,4.485
s799-71-1548,799-71-1548,4,15.544,326.424,310.88,4.761904762,15.544
s785-13-7708,785-13-7708,7,25.571,536.991,511.42,4.761904762,25.571
s845-51-0542,845-51-0542,9,20.9475,439.8975,418.95,4.761904762,20.9475
s662-47-5456,662-47-5456,10,17.595,369.495,351.9,4.761904762,17.595
s883-17-4236,883-17-4236,2,1.439,30.219,28.78,4.761904762,1.439
s290-68-2984,290-68-2984,4,4.75,99.75,95,4.761904762,4.75
s704-11-6354,704-11-6354,8,23.56,494.76,471.2,4.761904762,23.56
s110-48-7033,110-48-7033,4,6.524,137.004,130.48,4.761904762,6.524
s366-93-0948,366-93-0948,1,3.3175,69.6675,66.35,4.761904762,3.3175
s729-09-9681,729-09-9681,6,7.773,163.233,155.46,4.761904762,7.773
s151-16-1484,151-16-1484,4,6.45,135.45,129,4.761904762,6.45
s380-94-4661,380-94-4661,4,13.188,276.948,263.76,4.761904762,13.188
s850-41-9669,850-41-9669,9,33.777,709.317,675.54,4.761904762,33.777
s821-07-3596,821-07-3596,4,3.29,69.09,65.8,4.761904762,3.29
s655-85-5130,655-85-5130,4,7.66,160.86,153.2,4.761904762,7.66
s447-15-7839,447-15-7839,10,11.12,233.52,222.4,4.761904762,11.12
s154-74-7179,154-74-7179,1,2.7225,57.1725,54.45,4.761904762,2.7225
s253-12-6086,253-12-6086,7,34.44,723.24,688.8,4.761904762,34.44
s808-65-0703,808-65-0703,4,7.094,148.974,141.88,4.761904762,7.094
s571-94-0759,571-94-0759,10,37.3,783.3,746,4.761904762,37.3
s144-51-6085,144-51-6085,4,14.148,297.108,282.96,4.761904762,14.148
s731-14-2199,731-14-2199,10,17.77,373.17,355.4,4.761904762,17.77
s783-09-1637,783-09-1637,5,16.8575,354.0075,337.15,4.761904762,16.8575
s687-15-1097,687-15-1097,2,2.112,44.352,42.24,4.761904762,2.112
s126-54-1082,126-54-1082,9,9.693,203.553,193.86,4.761904762,9.693
s633-91-1052,633-91-1052,2,1.203,25.263,24.06,4.761904762,1.203
s477-24-6490,477-24-6490,6,29.913,628.173,598.26,4.761904762,29.913
s566-19-5475,566-19-5475,7,16.7895,352.5795,335.79,4.761904762,16.7895
s526-86-8552,526-86-8552,10,10.91,229.11,218.2,4.761904762,10.91
s376-56-3573,376-56-3573,4,19.084,400.764,381.68,4.761904762,19.084
s537-72-0426,537-72-0426,10,35.495,745.395,709.9,4.761904762,35.495
s828-61-5674,828-61-5674,10,22.01,462.21,440.2,4.761904762,22.01
s136-08-6195,136-08-6195,8,27.984,587.664,559.68,4.761904762,27.984
s523-38-0215,523-38-0215,1,1.85,38.85,37,4.761904762,1.85
s490-29-1201,490-29-1201,1,0.767,16.107,15.34,4.761904762,0.767
s667-92-0055,667-92-0055,6,29.949,628.929,598.98,4.761904762,29.949
s565-17-3836,565-17-3836,4,9.534,200.214,190.68,4.761904762,9.534
s498-41-1961,498-41-1961,5,16.67,350.07,333.4,4.761904762,16.67
s593-95-4461,593-95-4461,1,3.743,78.603,74.86,4.761904762,3.743
s226-71-3580,226-71-3580,9,10.6875,224.4375,213.75,4.761904762,10.6875
s283-79-9594,283-79-9594,7,16.9785,356.5485,339.57,4.761904762,16.9785
s430-60-3493,430-60-3493,7,33.208,697.368,664.16,4.761904762,33.208
s139-20-0155,139-20-0155,10,20.15,423.15,403,4.761904762,20.15
s558-80-4082,558-80-4082,7,9.7475,204.6975,194.95,4.761904762,9.7475
s278-97-7759,278-97-7759,1,3.124,65.604,62.48,4.761904762,3.124
s316-68-6352,316-68-6352,2,3.636,76.356,72.72,4.761904762,3.636
s585-03-5943,585-03-5943,10,9.055,190.155,181.1,4.761904762,9.055
s211-05-0490,211-05-0490,5,12.98,272.58,259.6,4.761904762,12.98
s727-75-6477,727-75-6477,4,5.768,121.128,115.36,4.761904762,5.768
s744-02-5987,744-02-5987,6,23.514,493.794,470.28,4.761904762,23.514
s307-83-9164,307-83-9164,4,12.002,252.042,240.04,4.761904762,12.002
s779-06-0012,779-06-0012,1,4.4305,93.0405,88.61,4.761904762,4.4305
s446-47-6729,446-47-6729,2,9.982,209.622,199.64,4.761904762,9.982
s573-10-3877,573-10-3877,1,1.9505,40.9605,39.01,4.761904762,1.9505
s735-06-4124,735-06-4124,1,2.4305,51.0405,48.61,4.761904762,2.4305
s439-54-7422,439-54-7422,4,10.238,214.998,204.76,4.761904762,10.238
s396-90-2219,396-90-2219,8,5.984,125.664,119.68,4.761904762,5.984
s411-77-0180,411-77-0180,7,25.27,530.67,505.4,4.761904762,25.27
s286-01-5402,286-01-5402,7,14.0805,295.6905,281.61,4.761904762,14.0805
s803-17-8013,803-17-8013,8,35.516,745.836,710.32,4.761904762,35.516
s512-98-1403,512-98-1403,3,3.972,83.412,79.44,4.761904762,3.972
s848-42-2560,848-42-2560,2,8.191,172.011,163.82,4.761904762,8.191
s532-59-7201,532-59-7201,6,23.979,503.559,479.58,4.761904762,23.979
s181-94-6432,181-94-6432,2,6.933,145.593,138.66,4.761904762,6.933
s870-76-1733,870-76-1733,5,3.5575,74.7075,71.15,4.761904762,3.5575
s423-64-4619,423-64-4619,9,6.9975,146.9475,139.95,4.761904762,6.9975
s227-07-4446,227-07-4446,10,39.065,820.365,781.3,4.761904762,39.065
s174-36-3675,174-36-3675,2,9.937,208.677,198.74,4.761904762,9.937
s428-83-5800,428-83-5800,3,3.162,66.402,63.24,4.761904762,3.162
s603-07-0961,603-07-0961,5,18.6975,392.6475,373.95,4.761904762,18.6975
s704-20-4138,704-20-4138,7,10.3845,218.0745,207.69,4.761904762,10.3845
s787-15-1757,787-15-1757,4,8.814,185.094,176.28,4.761904762,8.814
s649-11-3678,649-11-3678,9,10.3185,216.6885,206.37,4.761904762,10.3185
s622-20-1945,622-20-1945,1,1.971,41.391,39.42,4.761904762,1.971
s372-94-8041,372-94-8041,6,4.578,96.138,91.56,4.761904762,4.578
s563-91-7120,563-91-7120,5,15.4425,324.2925,308.85,4.761904762,15.4425
s746-54-5508,746-54-5508,6,6.456,135.576,129.12,4.761904762,6.456
s276-54-0879,276-54-0879,4,19.548,410.508,390.96,4.761904762,19.548
s815-11-1168,815-11-1168,5,24.945,523.845,498.9,4.761904762,24.945
s719-76-3868,719-76-3868,4,18.852,395.892,377.04,4.761904762,18.852
s730-61-8757,730-61-8757,4,10.226,214.746,204.52,4.761904762,10.226
s340-66-0321,340-66-0321,4,7.272,152.712,145.44,4.761904762,7.272
s868-81-1752,868-81-1752,9,9.909,208.089,198.18,4.761904762,9.909
s634-97-8956,634-97-8956,3,4.935,103.635,98.7,4.761904762,4.935
s566-71-1091,566-71-1091,5,19.255,404.355,385.1,4.761904762,19.255
s442-48-3607,442-48-3607,2,2.348,49.308,46.96,4.761904762,2.348
s835-16-0096,835-16-0096,5,3.675,77.175,73.5,4.761904762,3.675
s527-09-6272,527-09-6272,5,7.1125,149.3625,142.25,4.761904762,7.1125
s898-04-2717,898-04-2717,9,34.38,721.98,687.6,4.761904762,34.38
s692-27-8933,692-27-8933,6,17.385,365.085,347.7,4.761904762,17.385
s633-09-3463,633-09-3463,3,7.1475,150.0975,142.95,4.761904762,7.1475
s374-17-3652,374-17-3652,9,19.269,404.649,385.38,4.761904762,19.269
s378-07-7001,378-07-7001,3,7.2135,151.4835,144.27,4.761904762,7.2135
s433-75-6987,433-75-6987,7,19.5895,411.3795,391.79,4.761904762,19.5895
s873-95-4984,873-95-4984,7,26.915,565.215,538.3,4.761904762,26.915
s416-13-5917,416-13-5917,5,24.2575,509.4075,485.15,4.761904762,24.2575
s150-89-8043,150-89-8043,3,6.6975,140.6475,133.95,4.761904762,6.6975
s135-84-8019,135-84-8019,9,35.0685,736.4385,701.37,4.761904762,35.0685
s441-94-7118,441-94-7118,1,3.5975,75.5475,71.95,4.761904762,3.5975
s725-96-3778,725-96-3778,8,35.7,749.7,714,4.761904762,35.7
s531-80-1784,531-80-1784,7,9.107,191.247,182.14,4.761904762,9.107
s400-45-1220,400-45-1220,10,6.75,141.75,135,4.761904762,6.75
s860-79-0874,860-79-0874,10,49.65,1042.65,993,4.761904762,49.65
s834-61-8124,834-61-8124,7,18.0915,379.9215,361.83,4.761904762,18.0915
s115-99-4379,115-99-4379,7,19.1555,402.2655,383.11,4.761904762,19.1555
s565-67-6697,565-67-6697,9,12.15,255.15,243,4.761904762,12.15
s320-49-6392,320-49-6392,1,1.512,31.752,30.24,4.761904762,1.512
s889-04-9723,889-04-9723,4,17.828,374.388,356.56,4.761904762,17.828
s632-90-0281,632-90-0281,10,18.775,394.275,375.5,4.761904762,18.775
s554-42-2417,554-42-2417,10,47.72,1002.12,954.4,4.761904762,47.72
s453-63-6187,453-63-6187,3,4.125,86.625,82.5,4.761904762,4.125
s578-80-7669,578-80-7669,1,3.7485,78.7185,74.97,4.761904762,3.7485
s612-36-5536,612-36-5536,8,32.384,680.064,647.68,4.761904762,32.384
s605-72-4132,605-72-4132,8,37.788,793.548,755.76,4.761904762,37.788
s471-41-2823,471-41-2823,2,9.979,209.559,199.58,4.761904762,9.979
s462-67-9126,462-67-9126,6,21.966,461.286,439.32,4.761904762,21.966
s272-27-9238,272-27-9238,4,8.248,173.208,164.96,4.761904762,8.248
s834-25-9262,834-25-9262,4,16.336,343.056,326.72,4.761904762,16.336
s122-61-9553,122-61-9553,9,23.094,484.974,461.88,4.761904762,23.094
s468-88-0009,468-88-0009,4,13.188,276.948,263.76,4.761904762,13.188
s613-59-9758,613-59-9758,10,7.18,150.78,143.6,4.761904762,7.18
s254-31-0042,254-31-0042,9,9.675,203.175,193.5,4.761904762,9.675
s201-86-2184,201-86-2184,7,9.191,193.011,183.82,4.761904762,9.191
s261-12-8671,261-12-8671,2,6.096,128.016,121.92,4.761904762,6.096
s730-70-9830,730-70-9830,6,21.033,441.693,420.66,4.761904762,21.033
s382-25-8917,382-25-8917,6,12.624,265.104,252.48,4.761904762,12.624
s422-29-8786,422-29-8786,5,16.7725,352.2225,335.45,4.761904762,16.7725
s667-23-5919,667-23-5919,5,24.175,507.675,483.5,4.761904762,24.175
s843-01-4703,843-01-4703,9,15.921,334.341,318.42,4.761904762,15.921
s743-88-1662,743-88-1662,7,33.4215,701.8515,668.43,4.761904762,33.4215
s595-86-2894,595-86-2894,4,19.396,407.316,387.92,4.761904762,19.396
s182-69-8360,182-69-8360,4,4.73,99.33,94.6,4.761904762,4.73
s289-15-7034,289-15-7034,4,16.466,345.786,329.32,4.761904762,16.466
s462-78-5240,462-78-5240,2,2.661,55.881,53.22,4.761904762,2.661
s868-52-7573,868-52-7573,5,24.9225,523.3725,498.45,4.761904762,24.9225
s153-58-4872,153-58-4872,4,14.978,314.538,299.56,4.761904762,14.978
s662-72-2873,662-72-2873,5,10.235,214.935,204.7,4.761904762,10.235
s525-88-7307,525-88-7307,1,3.791,79.611,75.82,4.761904762,3.791
s689-16-9784,689-16-9784,6,14.031,294.651,280.62,4.761904762,14.031
s725-56-0833,725-56-0833,10,16.16,339.36,323.2,4.761904762,16.16
s394-41-0748,394-41-0748,9,24.3315,510.9615,486.63,4.761904762,24.3315
s596-42-3999,596-42-3999,7,6.377,133.917,127.54,4.761904762,6.377
s541-89-9860,541-89-9860,3,12.072,253.512,241.44,4.761904762,12.072
s173-82-9529,173-82-9529,10,18.975,398.475,379.5,4.761904762,18.975
s563-36-9814,563-36-9814,1,3.841,80.661,76.82,4.761904762,3.841
s308-47-4913,308-47-4913,10,26.13,548.73,522.6,4.761904762,26.13
s885-17-6250,885-17-6250,1,3.987,83.727,79.74,4.761904762,3.987
s726-27-2396,726-27-2396,5,19.375,406.875,387.5,4.761904762,19.375
s316-01-3952,316-01-3952,5,13.5675,284.9175,271.35,4.761904762,13.5675
s760-54-1821,760-54-1821,9,6.1155,128.4255,122.31,4.761904762,6.1155
s793-10-3222,793-10-3222,6,12.318,258.678,246.36,4.761904762,12.318
s346-12-3257,346-12-3257,9,8.658,181.818,173.16,4.761904762,8.658
s110-05-6330,110-05-6330,6,11.829,248.409,236.58,4.761904762,11.829
s651-61-0874,651-61-0874,4,9.244,194.124,184.88,4.761904762,9.244
s236-86-3015,236-86-3015,1,0.699,14.679,13.98,4.761904762,0.699
s831-64-0259,831-64-0259,5,9.9375,208.6875,198.75,4.761904762,9.9375
s587-03-7455,587-03-7455,7,34.2265,718.7565,684.53,4.761904762,34.2265
s882-40-4577,882-40-4577,4,13.452,282.492,269.04,4.761904762,13.452
s732-67-5346,732-67-5346,5,3.4475,72.3975,68.95,4.761904762,3.4475
s725-32-9708,725-32-9708,4,13.742,288.582,274.84,4.761904762,13.742
s256-08-8343,256-08-8343,4,11.306,237.426,226.12,4.761904762,11.306
s372-26-1506,372-26-1506,5,5.955,125.055,119.1,4.761904762,5.955
s244-08-0162,244-08-0162,10,17.105,359.205,342.1,4.761904762,17.105
s569-71-4390,569-71-4390,2,2.187,45.927,43.74,4.761904762,2.187
s132-23-6451,132-23-6451,5,5.2425,110.0925,104.85,4.761904762,5.2425
s696-90-2548,696-90-2548,3,3.876,81.396,77.52,4.761904762,3.876
s472-15-9636,472-15-9636,8,20.372,427.812,407.44,4.761904762,20.372
s268-03-6164,268-03-6164,1,4.8055,100.9155,96.11,4.761904762,4.8055
s750-57-9686,750-57-9686,4,9.076,190.596,181.52,4.761904762,9.076
s186-09-3669,186-09-3669,1,4.0755,85.5855,81.51,4.761904762,4.0755
s848-07-1692,848-07-1692,2,5.722,120.162,114.44,4.761904762,5.722
s745-71-3520,745-71-3520,7,8.827,185.367,176.54,4.761904762,8.827
s266-76-6436,266-76-6436,3,5.79,121.59,115.8,4.761904762,5.79
s740-22-2500,740-22-2500,3,12.6075,264.7575,252.15,4.761904762,12.6075
s271-88-8734,271-88-8734,10,48.605,1020.705,972.1,4.761904762,48.605
s301-81-8610,301-81-8610,8,10.168,213.528,203.36,4.761904762,10.168
s489-64-4354,489-64-4354,1,0.814,17.094,16.28,4.761904762,0.814
s198-84-7132,198-84-7132,9,18.2745,383.7645,365.49,4.761904762,18.2745
s269-10-8440,269-10-8440,7,18.6095,390.7995,372.19,4.761904762,18.6095
s650-98-6268,650-98-6268,3,3.1305,65.7405,62.61,4.761904762,3.1305
s741-73-3559,741-73-3559,5,16.8175,353.1675,336.35,4.761904762,16.8175
s325-77-6186,325-77-6186,10,45.325,951.825,906.5,4.761904762,45.325
s286-75-7818,286-75-7818,2,6.908,145.068,138.16,4.761904762,6.908
s574-57-9721,574-57-9721,2,4.327,90.867,86.54,4.761904762,4.327
s459-50-7686,459-50-7686,6,7.038,147.798,140.76,4.761904762,7.038
s616-87-0016,616-87-0016,7,33.439,702.219,668.78,4.761904762,33.439
s837-55-7229,837-55-7229,1,2.372,49.812,47.44,4.761904762,2.372
s751-69-0068,751-69-0068,9,44.658,937.818,893.16,4.761904762,44.658
s257-73-1380,257-73-1380,4,16.586,348.306,331.72,4.761904762,16.586
s345-08-4992,345-08-4992,6,10.197,214.137,203.94,4.761904762,10.197
s549-96-4200,549-96-4200,4,3.408,71.568,68.16,4.761904762,3.408
s810-60-6344,810-60-6344,8,16.344,343.224,326.88,4.761904762,16.344
s450-28-2866,450-28-2866,5,4.36,91.56,87.2,4.761904762,4.36
s394-30-3170,394-30-3170,8,35.372,742.812,707.44,4.761904762,35.372
s138-17-5109,138-17-5109,9,40.1445,843.0345,802.89,4.761904762,40.1445
s192-98-7397,192-98-7397,1,0.639,13.419,12.78,4.761904762,0.639
s301-11-9629,301-11-9629,7,6.685,140.385,133.7,4.761904762,6.685
s390-80-5128,390-80-5128,1,0.9575,20.1075,19.15,4.761904762,0.9575
s235-46-8343,235-46-8343,10,13.83,290.43,276.6,4.761904762,13.83
s453-12-7053,453-12-7053,3,6.861,144.081,137.22,4.761904762,6.861
s296-11-7041,296-11-7041,1,1.3535,28.4235,27.07,4.761904762,1.3535
s449-27-2918,449-27-2918,1,1.956,41.076,39.12,4.761904762,1.956
s891-01-7034,891-01-7034,6,22.413,470.673,448.26,4.761904762,22.413
s744-09-5786,744-09-5786,6,6.603,138.663,132.06,4.761904762,6.603
s727-17-0390,727-17-0390,5,15.9025,333.9525,318.05,4.761904762,15.9025
s568-88-3448,568-88-3448,1,1.25,26.25,25,4.761904762,1.25
s187-83-5490,187-83-5490,4,4.154,87.234,83.08,4.761904762,4.154
s767-54-1907,767-54-1907,5,7.39,155.19,147.8,4.761904762,7.39
s710-46-4433,710-46-4433,9,34.83,731.43,696.6,4.761904762,34.83
s533-33-5337,533-33-5337,10,39.695,833.595,793.9,4.761904762,39.695
s325-90-8763,325-90-8763,10,23.285,488.985,465.7,4.761904762,23.285
s729-46-7422,729-46-7422,1,1.7945,37.6845,35.89,4.761904762,1.7945
s639-76-1242,639-76-1242,5,10.13,212.73,202.6,4.761904762,10.13
s234-03-4040,234-03-4040,10,36.525,767.025,730.5,4.761904762,36.525
s326-71-2155,326-71-2155,4,14.79,310.59,295.8,4.761904762,14.79
s320-32-8842,320-32-8842,1,1.131,23.751,22.62,4.761904762,1.131
s470-32-9057,470-32-9057,5,12.835,269.535,256.7,4.761904762,12.835
s878-30-2331,878-30-2331,10,27.275,572.775,545.5,4.761904762,27.275
s440-59-5691,440-59-5691,7,13.0025,273.0525,260.05,4.761904762,13.0025
s554-53-3790,554-53-3790,6,11.106,233.226,222.12,4.761904762,11.106
s746-19-0921,746-19-0921,1,1.079,22.659,21.58,4.761904762,1.079
s233-34-0817,233-34-0817,1,4.942,103.782,98.84,4.761904762,4.942
s767-05-1286,767-05-1286,6,25.131,527.751,502.62,4.761904762,25.131
s340-21-9136,340-21-9136,4,8.01,168.21,160.2,4.761904762,8.01
s405-31-3305,405-31-3305,10,21.565,452.865,431.3,4.761904762,21.565
s731-59-7531,731-59-7531,8,29.028,609.588,580.56,4.761904762,29.028
s676-39-6028,676-39-6028,5,16.11,338.31,322.2,4.761904762,16.11
s502-05-1910,502-05-1910,3,9.777,205.317,195.54,4.761904762,9.777
s485-30-8700,485-30-8700,5,8.315,174.615,166.3,4.761904762,8.315
s598-47-9715,598-47-9715,4,16.814,353.094,336.28,4.761904762,16.814
s701-69-8742,701-69-8742,10,17.185,360.885,343.7,4.761904762,17.185
s575-67-1508,575-67-1508,1,1.93,40.53,38.6,4.761904762,1.93
s541-08-3113,541-08-3113,8,26.388,554.148,527.76,4.761904762,26.388
s246-11-3901,246-11-3901,10,16.4,344.4,328,4.761904762,16.4
s674-15-9296,674-15-9296,5,9.285,194.985,185.7,4.761904762,9.285
s305-18-3552,305-18-3552,10,30.19,633.99,603.8,4.761904762,30.19
s493-65-6248,493-65-6248,10,18.49,388.29,369.8,4.761904762,18.49
s438-01-4015,438-01-4015,4,9.898,207.858,197.96,4.761904762,9.898
s709-58-4068,709-58-4068,10,20.545,431.445,410.9,4.761904762,20.545
s795-49-7276,795-49-7276,4,7.43,156.03,148.6,4.761904762,7.43
s556-72-8512,556-72-8512,1,1.148,24.108,22.96,4.761904762,1.148
s627-95-3243,627-95-3243,9,34.956,734.076,699.12,4.761904762,34.956
s686-41-0932,686-41-0932,2,3.47,72.87,69.4,4.761904762,3.47
s510-09-5628,510-09-5628,10,9.83,206.43,196.6,4.761904762,9.83
s608-04-3797,608-04-3797,8,10.128,212.688,202.56,4.761904762,10.128
s148-82-2527,148-82-2527,10,6.06,127.26,121.2,4.761904762,6.06
s437-53-3084,437-53-3084,2,9.989,209.769,199.78,4.761904762,9.989
s632-32-4574,632-32-4574,8,30.368,637.728,607.36,4.761904762,30.368
s556-97-7101,556-97-7101,2,6.322,132.762,126.44,4.761904762,6.322
s862-59-8517,862-59-8517,6,27.072,568.512,541.44,4.761904762,27.072
s401-18-8016,401-18-8016,1,4.9065,103.0365,98.13,4.761904762,4.9065
s420-18-8989,420-18-8989,8,20.608,432.768,412.16,4.761904762,20.608
s277-63-2961,277-63-2961,1,3.6985,77.6685,73.97,4.761904762,3.6985
s573-98-8548,573-98-8548,1,1.595,33.495,31.9,4.761904762,1.595
s620-02-2046,620-02-2046,2,6.94,145.74,138.8,4.761904762,6.94
s282-35-2475,282-35-2475,2,9.331,195.951,186.62,4.761904762,9.331
s511-54-3087,511-54-3087,1,4.4225,92.8725,88.45,4.761904762,4.4225
s726-29-6793,726-29-6793,8,9.672,203.112,193.44,4.761904762,9.672
s387-49-4215,387-49-4215,3,7.275,152.775,145.5,4.761904762,7.275
s862-17-9201,862-17-9201,6,25.215,529.515,504.3,4.761904762,25.215
s291-21-5991,291-21-5991,5,15.3225,321.7725,306.45,4.761904762,15.3225
s602-80-9671,602-80-9671,6,4.785,100.485,95.7,4.761904762,4.785
s347-72-6115,347-72-6115,7,31.759,666.939,635.18,4.761904762,31.759
s209-61-0206,209-61-0206,5,10.7275,225.2775,214.55,4.761904762,10.7275
s595-27-4851,595-27-4851,7,18.998,398.958,379.96,4.761904762,18.998
s189-52-0236,189-52-0236,7,34.8425,731.6925,696.85,4.761904762,34.8425
s503-07-0930,503-07-0930,7,20.4365,429.1665,408.73,4.761904762,20.4365
s413-20-6708,413-20-6708,1,2.5735,54.0435,51.47,4.761904762,2.5735
s425-85-2085,425-85-2085,5,13.715,288.015,274.3,4.761904762,13.715
s521-18-7827,521-18-7827,5,9.8475,206.7975,196.95,4.761904762,9.8475
s220-28-1851,220-28-1851,2,3.473,72.933,69.46,4.761904762,3.473
s600-38-9738,600-38-9738,5,17.98,377.58,359.6,4.761904762,17.98
s734-91-1155,734-91-1155,3,6.8565,143.9865,137.13,4.761904762,6.8565
s451-28-5717,451-28-5717,6,24.951,523.971,499.02,4.761904762,24.951
s609-81-8548,609-81-8548,6,11.232,235.872,224.64,4.761904762,11.232
s133-14-7229,133-14-7229,2,6.287,132.027,125.74,4.761904762,6.287
s534-01-4457,534-01-4457,6,24.513,514.773,490.26,4.761904762,24.513
s719-89-8991,719-89-8991,5,22.8525,479.9025,457.05,4.761904762,22.8525
s286-62-6248,286-62-6248,4,7.842,164.682,156.84,4.761904762,7.842
s339-38-9982,339-38-9982,2,5.986,125.706,119.72,4.761904762,5.986
s827-44-5872,827-44-5872,10,27.18,570.78,543.6,4.761904762,27.18
s827-77-7633,827-77-7633,9,44.1405,926.9505,882.81,4.761904762,44.1405
s287-83-1405,287-83-1405,6,7.629,160.209,152.58,4.761904762,7.629
s435-13-4908,435-13-4908,8,34.672,728.112,693.44,4.761904762,34.672
s857-67-9057,857-67-9057,10,11.475,240.975,229.5,4.761904762,11.475
s236-27-1144,236-27-1144,9,7.3395,154.1295,146.79,4.761904762,7.3395
s892-05-6689,892-05-6689,5,7.08,148.68,141.6,4.761904762,7.08
s583-41-4548,583-41-4548,7,5.8345,122.5245,116.69,4.761904762,5.8345
s339-12-4827,339-12-4827,1,3.698,77.658,73.96,4.761904762,3.698
s643-38-7867,643-38-7867,1,4.897,102.837,97.94,4.761904762,4.897
s308-81-0538,308-81-0538,4,14.61,306.81,292.2,4.761904762,14.61
s358-88-9262,358-88-9262,6,26.244,551.124,524.88,4.761904762,26.244
s460-35-4390,460-35-4390,3,4.602,96.642,92.04,4.761904762,4.602
s343-87-0864,343-87-0864,1,3.794,79.674,75.88,4.761904762,3.794
s173-50-1108,173-50-1108,4,4.036,84.756,80.72,4.761904762,4.036
s243-47-2663,243-47-2663,6,5.631,118.251,112.62,4.761904762,5.631
s841-18-8232,841-18-8232,1,3.56,74.76,71.2,4.761904762,3.56
s701-23-5550,701-23-5550,4,7.762,163.002,155.24,4.761904762,7.762
s647-50-1224,647-50-1224,10,14.71,308.91,294.2,4.761904762,14.71
s541-48-8554,541-48-8554,9,27.4275,575.9775,548.55,4.761904762,27.4275
s539-21-7227,539-21-7227,5,12.885,270.585,257.7,4.761904762,12.885
s213-32-1216,213-32-1216,6,19.818,416.178,396.36,4.761904762,19.818
s747-58-7183,747-58-7183,3,8.5905,180.4005,171.81,4.761904762,8.5905
s582-52-8065,582-52-8065,9,24.4395,513.2295,488.79,4.761904762,24.4395
s210-57-1719,210-57-1719,9,26.208,550.368,524.16,4.761904762,26.208
s399-69-4630,399-69-4630,6,6.663,139.923,133.26,4.761904762,6.663
s134-75-2619,134-75-2619,7,6.762,142.002,135.24,4.761904762,6.762
s356-44-8813,356-44-8813,3,5.622,118.062,112.44,4.761904762,5.622
s198-66-9832,198-66-9832,2,7.204,151.284,144.08,4.761904762,7.204
s283-26-5248,283-26-5248,10,49.26,1034.46,985.2,4.761904762,49.26
s712-39-0363,712-39-0363,6,12.498,262.458,249.96,4.761904762,12.498
s218-59-9410,218-59-9410,3,10.863,228.123,217.26,4.761904762,10.863
s174-75-0888,174-75-0888,9,9.711,203.931,194.22,4.761904762,9.711
s866-99-7614,866-99-7614,10,44.6,936.6,892,4.761904762,44.6
s134-54-4720,134-54-4720,8,16.968,356.328,339.36,4.761904762,16.968
s760-90-2357,760-90-2357,6,22.353,469.413,447.06,4.761904762,22.353
s514-37-2845,514-37-2845,2,9.925,208.425,198.5,4.761904762,9.925
s698-98-5964,698-98-5964,10,40.605,852.705,812.1,4.761904762,40.605
s718-57-9773,718-57-9773,10,24.665,517.965,493.3,4.761904762,24.665
s651-88-7328,651-88-7328,9,29.583,621.243,591.66,4.761904762,29.583
s241-11-2261,241-11-2261,7,27.951,586.971,559.02,4.761904762,27.951
s408-26-9866,408-26-9866,7,25.893,543.753,517.86,4.761904762,25.893
s834-83-1826,834-83-1826,5,20.51,430.71,410.2,4.761904762,20.51
s343-61-3544,343-61-3544,10,13.335,280.035,266.7,4.761904762,13.335
s239-48-4278,239-48-4278,7,3.5455,74.4555,70.91,4.761904762,3.5455
s355-34-6244,355-34-6244,2,7.239,152.019,144.78,4.761904762,7.239
s550-84-8664,550-84-8664,5,21.4775,451.0275,429.55,4.761904762,21.4775
s339-96-8318,339-96-8318,7,28.4585,597.6285,569.17,4.761904762,28.4585
s458-61-0011,458-61-0011,4,12.06,253.26,241.2,4.761904762,12.06
s592-34-6155,592-34-6155,4,6.354,133.434,127.08,4.761904762,6.354
s797-88-0493,797-88-0493,4,12.854,269.934,257.08,4.761904762,12.854
s207-73-1363,207-73-1363,2,6.951,145.971,139.02,4.761904762,6.951
s390-31-6381,390-31-6381,3,4.083,85.743,81.66,4.761904762,4.083
s443-82-0585,443-82-0585,4,15.536,326.256,310.72,4.761904762,15.536
s339-18-7061,339-18-7061,2,9.298,195.258,185.96,4.761904762,9.298
s359-90-3665,359-90-3665,4,3.616,75.936,72.32,4.761904762,3.616
s375-72-3056,375-72-3056,3,9.459,198.639,189.18,4.761904762,9.459
s127-47-6963,127-47-6963,4,10.342,217.182,206.84,4.761904762,10.342
s278-86-2735,278-86-2735,3,7.851,164.871,157.02,4.761904762,7.851
s695-28-6250,695-28-6250,5,10.765,226.065,215.3,4.761904762,10.765
s379-17-6588,379-17-6588,10,29.805,625.905,596.1,4.761904762,29.805
s227-50-3718,227-50-3718,5,3.655,76.755,73.1,4.761904762,3.655
s302-15-2162,302-15-2162,6,13.959,293.139,279.18,4.761904762,13.959
s788-07-8452,788-07-8452,7,8.484,178.164,169.68,4.761904762,8.484
s560-49-6611,560-49-6611,1,2.279,47.859,45.58,4.761904762,2.279
s880-35-0356,880-35-0356,3,11.28,236.88,225.6,4.761904762,11.28
s585-11-6748,585-11-6748,3,14.52,304.92,290.4,4.761904762,14.52
s470-31-3286,470-31-3286,3,2.223,46.683,44.46,4.761904762,2.223
s152-68-2907,152-68-2907,3,7.83,164.43,156.6,4.761904762,7.83
s123-35-4896,123-35-4896,9,20.997,440.937,419.94,4.761904762,20.997
s258-69-7810,258-69-7810,5,9.2125,193.4625,184.25,4.761904762,9.2125
s334-64-2006,334-64-2006,2,7.032,147.672,140.64,4.761904762,7.032
s219-61-4139,219-61-4139,1,4.154,87.234,83.08,4.761904762,4.154
s881-41-7302,881-41-7302,1,3.2495,68.2395,64.99,4.761904762,3.2495
s373-09-4567,373-09-4567,10,38.78,814.38,775.6,4.761904762,38.78
s642-30-6693,642-30-6693,6,16.353,343.413,327.06,4.761904762,16.353
s484-22-8230,484-22-8230,7,18.1615,381.3915,363.23,4.761904762,18.1615
s830-58-2383,830-58-2383,4,6.35,133.35,127,4.761904762,6.35
s559-98-9873,559-98-9873,7,18.7775,394.3275,375.55,4.761904762,18.7775
s544-32-5024,544-32-5024,4,9.958,209.118,199.16,4.761904762,9.958
s318-12-0304,318-12-0304,1,1.5305,32.1405,30.61,4.761904762,1.5305
s349-97-8902,349-97-8902,2,5.789,121.569,115.78,4.761904762,5.789
s421-95-9805,421-95-9805,1,1.448,30.408,28.96,4.761904762,1.448
s277-35-5865,277-35-5865,9,44.5365,935.2665,890.73,4.761904762,44.5365
s789-23-8625,789-23-8625,3,13.983,293.643,279.66,4.761904762,13.983
s284-54-4231,284-54-4231,1,4.0465,84.9765,80.93,4.761904762,4.0465
s443-59-0061,443-59-0061,10,33.725,708.225,674.5,4.761904762,33.725
s509-29-3912,509-29-3912,9,17.424,365.904,348.48,4.761904762,17.424
s327-40-9673,327-40-9673,6,21.78,457.38,435.6,4.761904762,21.78
s840-19-2096,840-19-2096,5,21.9775,461.5275,439.55,4.761904762,21.9775
s828-46-6863,828-46-6863,6,29.559,620.739,591.18,4.761904762,29.559
s641-96-3695,641-96-3695,6,13.038,273.798,260.76,4.761904762,13.038
s420-97-3340,420-97-3340,3,10.752,225.792,215.04,4.761904762,10.752
s436-54-4512,436-54-4512,1,4.5805,96.1905,91.61,4.761904762,4.5805
s670-79-6321,670-79-6321,7,33.1065,695.2365,662.13,4.761904762,33.1065
s852-62-7105,852-62-7105,10,41.625,874.125,832.5,4.761904762,41.625
s598-06-7312,598-06-7312,1,4.5675,95.9175,91.35,4.761904762,4.5675
s135-13-8269,135-13-8269,2,7.888,165.648,157.76,4.761904762,7.888
s816-57-2053,816-57-2053,2,6.087,127.827,121.74,4.761904762,6.087
s628-90-8624,628-90-8624,10,41.29,867.09,825.8,4.761904762,41.29
s856-66-2701,856-66-2701,3,7.995,167.895,159.9,4.761904762,7.995
s308-39-1707,308-39-1707,1,0.6045,12.6945,12.09,4.761904762,0.6045
s149-61-1929,149-61-1929,10,32.095,673.995,641.9,4.761904762,32.095
s655-07-2265,655-07-2265,3,11.7465,246.6765,234.93,4.761904762,11.7465
s589-02-8023,589-02-8023,2,8.377,175.917,167.54,4.761904762,8.377
s420-04-7590,420-04-7590,3,14.955,314.055,299.1,4.761904762,14.955
s182-88-2763,182-88-2763,3,11.9865,251.7165,239.73,4.761904762,11.9865
s188-55-0967,188-55-0967,10,33.235,697.935,664.7,4.761904762,33.235
s610-46-4100,610-46-4100,7,10.1325,212.7825,202.65,4.761904762,10.1325
s318-81-2368,318-81-2368,1,2.31,48.51,46.2,4.761904762,2.31
s364-33-8584,364-33-8584,5,4.4075,92.5575,88.15,4.761904762,4.4075
s665-63-9737,665-63-9737,3,7.863,165.123,157.26,4.761904762,7.863
s695-09-5146,695-09-5146,3,14.8185,311.1885,296.37,4.761904762,14.8185
s155-45-3814,155-45-3814,8,35.42,743.82,708.4,4.761904762,35.42
s794-32-2436,794-32-2436,2,5.567,116.907,111.34,4.761904762,5.567
s131-15-8856,131-15-8856,8,29.008,609.168,580.16,4.761904762,29.008
s273-84-2164,273-84-2164,5,3.0125,63.2625,60.25,4.761904762,3.0125
s706-36-6154,706-36-6154,9,8.712,182.952,174.24,4.761904762,8.712
s778-89-7974,778-89-7974,6,21.063,442.323,421.26,4.761904762,21.063
s574-31-8277,574-31-8277,1,1.6815,35.3115,33.63,4.761904762,1.6815
s859-71-0933,859-71-0933,2,1.549,32.529,30.98,4.761904762,1.549
s740-11-5257,740-11-5257,10,12.37,259.77,247.4,4.761904762,12.37
s369-82-2676,369-82-2676,5,18.915,397.215,378.3,4.761904762,18.915
s563-47-4072,563-47-4072,6,16.743,351.603,334.86,4.761904762,16.743
s742-04-5161,742-04-5161,10,36.39,764.19,727.8,4.761904762,36.39
s149-15-7606,149-15-7606,9,16.794,352.674,335.88,4.761904762,16.794
s133-77-3154,133-77-3154,4,12.036,252.756,240.72,4.761904762,12.036
s169-52-4504,169-52-4504,3,2.3535,49.4235,47.07,4.761904762,2.3535
s250-81-7186,250-81-7186,1,4.9845,104.6745,99.69,4.761904762,4.9845
s562-12-5430,562-12-5430,3,13.2225,277.6725,264.45,4.761904762,13.2225
s816-72-8853,816-72-8853,5,6.9825,146.6325,139.65,4.761904762,6.9825
s491-38-3499,491-38-3499,1,2.7725,58.2225,55.45,4.761904762,2.7725
s322-02-2271,322-02-2271,3,6.4455,135.3555,128.91,4.761904762,6.4455
s842-29-4695,842-29-4695,7,5.999,125.979,119.98,4.761904762,5.999
s725-67-2480,725-67-2480,6,17.625,370.125,352.5,4.761904762,17.625
s641-51-2661,641-51-2661,10,43.55,914.55,871,4.761904762,43.55
s714-02-3114,714-02-3114,2,9.88,207.48,197.6,4.761904762,9.88
s518-17-2983,518-17-2983,4,9.726,204.246,194.52,4.761904762,9.726
s779-42-2410,779-42-2410,3,8.661,181.881,173.22,4.761904762,8.661
s190-14-3147,190-14-3147,4,3.594,75.474,71.88,4.761904762,3.594
s408-66-6712,408-66-6712,6,14.313,300.573,286.26,4.761904762,14.313
s679-22-6530,679-22-6530,2,4.062,85.302,81.24,4.761904762,4.062
s588-47-8641,588-47-8641,10,28.02,588.42,560.4,4.761904762,28.02
s642-61-4706,642-61-4706,2,9.34,196.14,186.8,4.761904762,9.34
s576-31-4774,576-31-4774,3,11.0115,231.2415,220.23,4.761904762,11.0115
s556-41-6224,556-41-6224,8,13.456,282.576,269.12,4.761904762,13.456
s811-03-8790,811-03-8790,10,22.74,477.54,454.8,4.761904762,22.74
s242-11-3142,242-11-3142,2,8.377,175.917,167.54,4.761904762,8.377
s752-23-3760,752-23-3760,7,22.428,470.988,448.56,4.761904762,22.428
s274-05-5470,274-05-5470,4,14.694,308.574,293.88,4.761904762,14.694
s648-94-3045,648-94-3045,10,29.475,618.975,589.5,4.761904762,29.475
s130-67-4723,130-67-4723,6,14.55,305.55,291,4.761904762,14.55
s528-87-5606,528-87-5606,1,1.974,41.454,39.48,4.761904762,1.974
s320-85-2052,320-85-2052,1,1.7405,36.5505,34.81,4.761904762,1.7405
s370-96-0655,370-96-0655,6,14.796,310.716,295.92,4.761904762,14.796
s105-10-6182,105-10-6182,2,2.148,45.108,42.96,4.761904762,2.148
s510-79-0415,510-79-0415,6,6.924,145.404,138.48,4.761904762,6.924
s241-96-5076,241-96-5076,2,4.91,103.11,98.2,4.761904762,4.91
s767-97-4650,767-97-4650,2,6.483,136.143,129.66,4.761904762,6.483
s648-83-1321,648-83-1321,10,31.78,667.38,635.6,4.761904762,31.78
s173-57-2300,173-57-2300,2,7.288,153.048,145.76,4.761904762,7.288
s305-03-2383,305-03-2383,3,10.065,211.365,201.3,4.761904762,10.065
s394-55-6384,394-55-6384,9,31.5855,663.2955,631.71,4.761904762,31.5855
s266-20-6657,266-20-6657,7,19.264,404.544,385.28,4.761904762,19.264
s689-05-1884,689-05-1884,10,24.315,510.615,486.3,4.761904762,24.315
s196-01-2849,196-01-2849,7,25.683,539.343,513.66,4.761904762,25.683
s372-62-5264,372-62-5264,9,23.67,497.07,473.4,4.761904762,23.67
s800-09-8606,800-09-8606,5,21.8425,458.6925,436.85,4.761904762,21.8425
s182-52-7000,182-52-7000,4,5.408,113.568,108.16,4.761904762,5.408
s826-58-8051,826-58-8051,4,12.438,261.198,248.76,4.761904762,12.438
s868-06-0466,868-06-0466,9,31.311,657.531,626.22,4.761904762,31.311
s751-41-9720,751-41-9720,10,48.75,1023.75,975,4.761904762,48.75
s626-43-7888,626-43-7888,8,24.164,507.444,483.28,4.761904762,24.164
s176-64-7711,176-64-7711,3,4.848,101.808,96.96,4.761904762,4.848
s191-29-0321,191-29-0321,10,9.885,207.585,197.7,4.761904762,9.885
s729-06-2010,729-06-2010,9,36.2115,760.4415,724.23,4.761904762,36.2115
s640-48-5028,640-48-5028,9,39.7755,835.2855,795.51,4.761904762,39.7755
s186-79-9562,186-79-9562,7,25.1195,527.5095,502.39,4.761904762,25.1195
s834-45-5519,834-45-5519,4,8.6,180.6,172,4.761904762,8.6
s162-65-8559,162-65-8559,1,3.449,72.429,68.98,4.761904762,3.449
s760-27-5490,760-27-5490,8,6.248,131.208,124.96,4.761904762,6.248
s445-30-9252,445-30-9252,3,3.855,80.955,77.1,4.761904762,3.855
s786-94-2700,786-94-2700,6,24.186,507.906,483.72,4.761904762,24.186
s728-88-7867,728-88-7867,4,15.106,317.226,302.12,4.761904762,15.106
s183-21-3799,183-21-3799,9,34.9335,733.6035,698.67,4.761904762,34.9335
s268-20-3585,268-20-3585,9,6.2325,130.8825,124.65,4.761904762,6.2325
s735-32-9839,735-32-9839,8,39.48,829.08,789.6,4.761904762,39.48
s258-92-7466,258-92-7466,5,8.92,187.32,178.4,4.761904762,8.92
s857-16-3520,857-16-3520,7,25.011,525.231,500.22,4.761904762,25.011
s482-17-1179,482-17-1179,3,1.791,37.611,35.82,4.761904762,1.791
s788-21-5741,788-21-5741,3,6.807,142.947,136.14,4.761904762,6.807
s821-14-9046,821-14-9046,6,5.244,110.124,104.88,4.761904762,5.244
s418-05-0656,418-05-0656,7,8.946,187.866,178.92,4.761904762,8.946
s678-79-0726,678-79-0726,9,40.7835,856.4535,815.67,4.761904762,40.7835
s776-68-1096,776-68-1096,3,6.618,138.978,132.36,4.761904762,6.618
s592-46-1692,592-46-1692,7,12.8695,270.2595,257.39,4.761904762,12.8695
s434-35-9162,434-35-9162,4,4.668,98.028,93.36,4.761904762,4.668
s149-14-0304,149-14-0304,8,11.4,239.4,228,4.761904762,11.4
s442-44-6497,442-44-6497,3,8.3355,175.0455,166.71,4.761904762,8.3355
s174-64-0215,174-64-0215,10,34.87,732.27,697.4,4.761904762,34.87
s210-74-9613,210-74-9613,4,19.452,408.492,389.04,4.761904762,19.452
s299-29-0180,299-29-0180,7,18.263,383.523,365.26,4.761904762,18.263
s247-11-2470,247-11-2470,4,4.464,93.744,89.28,4.761904762,4.464
s635-28-5728,635-28-5728,3,8.4,176.4,168,4.761904762,8.4
s756-49-0168,756-49-0168,1,0.985,20.685,19.7,4.761904762,0.985
s438-23-1242,438-23-1242,7,26.558,557.718,531.16,4.761904762,26.558
s238-45-6950,238-45-6950,1,2.686,56.406,53.72,4.761904762,2.686
s607-65-2441,607-65-2441,10,40.975,860.475,819.5,4.761904762,40.975
s386-27-7606,386-27-7606,7,28.42,596.82,568.4,4.761904762,28.42
s137-63-5492,137-63-5492,10,29.38,616.98,587.6,4.761904762,29.38
s197-77-7132,197-77-7132,8,36.624,769.104,732.48,4.761904762,36.624
s805-86-0265,805-86-0265,9,42.282,887.922,845.64,4.761904762,42.282
s733-29-1227,733-29-1227,7,19.4635,408.7335,389.27,4.761904762,19.4635
s451-73-2711,451-73-2711,1,4.2415,89.0715,84.83,4.761904762,4.2415
s373-14-0504,373-14-0504,2,7.163,150.423,143.26,4.761904762,7.163
s546-80-2899,546-80-2899,2,3.769,79.149,75.38,4.761904762,3.769
s345-68-9016,345-68-9016,8,12.668,266.028,253.36,4.761904762,12.668
s390-17-5806,390-17-5806,1,1.921,40.341,38.42,4.761904762,1.921
s457-13-1708,457-13-1708,10,32.615,684.915,652.3,4.761904762,32.615
s664-14-2882,664-14-2882,5,2.6325,55.2825,52.65,4.761904762,2.6325
s487-79-6868,487-79-6868,9,5.5305,116.1405,110.61,4.761904762,5.5305
s314-23-4520,314-23-4520,7,28.4305,597.0405,568.61,4.761904762,28.4305
s210-30-7976,210-30-7976,4,4.464,93.744,89.28,4.761904762,4.464
s585-86-8361,585-86-8361,5,6.82,143.22,136.4,4.761904762,6.82
s807-14-7833,807-14-7833,10,8.71,182.91,174.2,4.761904762,8.71
s775-72-1988,775-72-1988,5,18.32,384.72,366.4,4.761904762,18.32
s288-38-3758,288-38-3758,3,12.7305,267.3405,254.61,4.761904762,12.7305
s652-43-6591,652-43-6591,8,38.916,817.236,778.32,4.761904762,38.916
s785-96-0615,785-96-0615,8,14.296,300.216,285.92,4.761904762,14.296
s406-46-7107,406-46-7107,6,28.956,608.076,579.12,4.761904762,28.956
s250-17-5703,250-17-5703,10,9.425,197.925,188.5,4.761904762,9.425
s156-95-3964,156-95-3964,4,11.078,232.638,221.56,4.761904762,11.078
s842-40-8179,842-40-8179,10,38.6,810.6,772,4.761904762,38.6
s525-09-8450,525-09-8450,10,36.065,757.365,721.3,4.761904762,36.065
s410-67-1709,410-67-1709,8,25.552,536.592,511.04,4.761904762,25.552
s587-73-4862,587-73-4862,5,2.6725,56.1225,53.45,4.761904762,2.6725
s787-87-2010,787-87-2010,4,11.1,233.1,222,4.761904762,11.1
s593-14-4239,593-14-4239,8,38.184,801.864,763.68,4.761904762,38.184
s801-88-0346,801-88-0346,3,11.409,239.589,228.18,4.761904762,11.409
s388-76-2555,388-76-2555,6,4.107,86.247,82.14,4.761904762,4.107
s711-31-1234,711-31-1234,4,19.128,401.688,382.56,4.761904762,19.128
s886-54-6089,886-54-6089,6,3.429,72.009,68.58,4.761904762,3.429
s707-32-7409,707-32-7409,4,19.108,401.268,382.16,4.761904762,19.108
s759-98-4285,759-98-4285,7,30.0545,631.1445,601.09,4.761904762,30.0545
s201-63-8275,201-63-8275,7,23.7965,499.7265,475.93,4.761904762,23.7965
s471-06-8611,471-06-8611,1,2.621,55.041,52.42,4.761904762,2.621
s200-16-5952,200-16-5952,2,6.565,137.865,131.3,4.761904762,6.565
s120-54-2248,120-54-2248,5,7.215,151.515,144.3,4.761904762,7.215
s102-77-2261,102-77-2261,7,22.8585,480.0285,457.17,4.761904762,22.8585
s875-31-8302,875-31-8302,1,4.669,98.049,93.38,4.761904762,4.669
s102-06-2002,102-06-2002,5,6.3125,132.5625,126.25,4.761904762,6.3125
s457-94-0464,457-94-0464,9,39.5415,830.3715,790.83,4.761904762,39.5415
s629-42-4133,629-42-4133,8,8.72,183.12,174.4,4.761904762,8.72
s534-53-3526,534-53-3526,4,18.952,397.992,379.04,4.761904762,18.952
s307-04-2070,307-04-2070,1,1.531,32.151,30.62,4.761904762,1.531
s468-99-7231,468-99-7231,8,17.604,369.684,352.08,4.761904762,17.604
s516-77-6464,516-77-6464,5,2.54,53.34,50.8,4.761904762,2.54
s404-91-5964,404-91-5964,7,26.103,548.163,522.06,4.761904762,26.103
s886-77-9084,886-77-9084,8,28.756,603.876,575.12,4.761904762,28.756
s790-38-4466,790-38-4466,5,2.7475,57.6975,54.95,4.761904762,2.7475
s704-10-4056,704-10-4056,3,9.0705,190.4805,181.41,4.761904762,9.0705
s497-37-6538,497-37-6538,7,20.6185,432.9885,412.37,4.761904762,20.6185
s651-96-5970,651-96-5970,1,2.3205,48.7305,46.41,4.761904762,2.3205
s400-80-4065,400-80-4065,4,13.71,287.91,274.2,4.761904762,13.71
s744-16-7898,744-16-7898,10,48.685,1022.385,973.7,4.761904762,48.685
s263-12-5321,263-12-5321,7,32.41,680.61,648.2,4.761904762,32.41
s702-72-0487,702-72-0487,2,4.661,97.881,93.22,4.761904762,4.661
s605-83-1050,605-83-1050,2,2.718,57.078,54.36,4.761904762,2.718
s443-60-9639,443-60-9639,1,3.0435,63.9135,60.87,4.761904762,3.0435
s864-24-7918,864-24-7918,10,12.245,257.145,244.9,4.761904762,12.245
s359-94-5395,359-94-5395,1,4.639,97.419,92.78,4.761904762,4.639
s401-09-4232,401-09-4232,5,21.6725,455.1225,433.45,4.761904762,21.6725
s751-15-6198,751-15-6198,6,6.903,144.963,138.06,4.761904762,6.903
s324-41-6833,324-41-6833,8,12.08,253.68,241.6,4.761904762,12.08
s474-33-8305,474-33-8305,7,23.5865,495.3165,471.73,4.761904762,23.5865
s759-29-9521,759-29-9521,9,22.032,462.672,440.64,4.761904762,22.032
s831-81-6575,831-81-6575,9,34.0155,714.3255,680.31,4.761904762,34.0155
s220-68-6701,220-68-6701,4,15.494,325.374,309.88,4.761904762,15.494
s618-34-8551,618-34-8551,2,9.318,195.678,186.36,4.761904762,9.318
s257-60-7754,257-60-7754,4,10.046,210.966,200.92,4.761904762,10.046
s559-61-5987,559-61-5987,1,0.8875,18.6375,17.75,4.761904762,0.8875
s189-55-2313,189-55-2313,10,31.09,652.89,621.8,4.761904762,31.09
s565-91-4567,565-91-4567,8,4.3,90.3,86,4.761904762,4.3
s380-60-5336,380-60-5336,10,20.13,422.73,402.6,4.761904762,20.13
s815-04-6282,815-04-6282,5,16.2425,341.0925,324.85,4.761904762,16.2425
s674-56-6360,674-56-6360,1,4.7575,99.9075,95.15,4.761904762,4.7575
s778-34-2523,778-34-2523,8,19.448,408.408,388.96,4.761904762,19.448
s499-27-7781,499-27-7781,8,21.284,446.964,425.68,4.761904762,21.284
s477-59-2456,477-59-2456,7,15.904,333.984,318.08,4.761904762,15.904
s832-51-6761,832-51-6761,8,13.552,284.592,271.04,4.761904762,13.552
s869-11-3082,869-11-3082,4,19.232,403.872,384.64,4.761904762,19.232
s190-59-3964,190-59-3964,5,11.79,247.59,235.8,4.761904762,11.79
s366-43-6862,366-43-6862,4,10.578,222.138,211.56,4.761904762,10.578
s186-43-8965,186-43-8965,2,4.768,100.128,95.36,4.761904762,4.768
s784-21-9238,784-21-9238,1,0.5085,10.6785,10.17,4.761904762,0.5085
s276-75-6884,276-75-6884,3,10.3065,216.4365,206.13,4.761904762,10.3065
s109-86-4363,109-86-4363,7,21.028,441.588,420.56,4.761904762,21.028
s569-76-2760,569-76-2760,4,4.402,92.442,88.04,4.761904762,4.402
s222-42-0244,222-42-0244,9,32.4495,681.4395,648.99,4.761904762,32.4495
s760-53-9233,760-53-9233,3,6.192,130.032,123.84,4.761904762,6.192
s538-22-0304,538-22-0304,10,32.475,681.975,649.5,4.761904762,32.475
s416-17-9926,416-17-9926,10,37.11,779.31,742.2,4.761904762,37.11
s237-44-6163,237-44-6163,8,4.224,88.704,84.48,4.761904762,4.224
s636-17-0325,636-17-0325,4,12.514,262.794,250.28,4.761904762,12.514
s343-75-9322,343-75-9322,8,4.74,99.54,94.8,4.761904762,4.74
s528-14-9470,528-14-9470,1,4.565,95.865,91.3,4.761904762,4.565
s427-45-9297,427-45-9297,7,14.2555,299.3655,285.11,4.761904762,14.2555
s807-34-3742,807-34-3742,1,2.619,54.999,52.38,4.761904762,2.619
s288-62-1085,288-62-1085,5,9.635,202.335,192.7,4.761904762,9.635
s670-71-7306,670-71-7306,6,13.389,281.169,267.78,4.761904762,13.389
s660-29-7083,660-29-7083,10,27.935,586.635,558.7,4.761904762,27.935
s271-77-8740,271-77-8740,6,8.766,184.086,175.32,4.761904762,8.766
s497-36-0989,497-36-0989,3,7.791,163.611,155.82,4.761904762,7.791
s291-59-1384,291-59-1384,1,3.015,63.315,60.3,4.761904762,3.015
s860-73-6466,860-73-6466,2,3.947,82.887,78.94,4.761904762,3.947
s549-23-9016,549-23-9016,2,1.487,31.227,29.74,4.761904762,1.487
s896-34-0956,896-34-0956,1,1.066,22.386,21.32,4.761904762,1.066
s804-38-3935,804-38-3935,3,14.067,295.407,281.34,4.761904762,14.067
s585-90-0249,585-90-0249,1,3.663,76.923,73.26,4.761904762,3.663
s862-29-5914,862-29-5914,1,1.119,23.499,22.38,4.761904762,1.119
s845-94-6841,845-94-6841,9,32.796,688.716,655.92,4.761904762,32.796
s125-45-2293,125-45-2293,6,29.73,624.33,594.6,4.761904762,29.73
s843-73-4724,843-73-4724,1,3.705,77.805,74.1,4.761904762,3.705
s409-33-9708,409-33-9708,2,9.848,206.808,196.96,4.761904762,9.848
s658-66-3967,658-66-3967,7,18.6165,390.9465,372.33,4.761904762,18.6165
s866-70-2814,866-70-2814,10,26.395,554.295,527.9,4.761904762,26.395
s160-22-2687,160-22-2687,5,23.9875,503.7375,479.75,4.761904762,23.9875
s895-03-6665,895-03-6665,9,16.4295,345.0195,328.59,4.761904762,16.4295
s770-42-8960,770-42-8960,8,8.448,177.408,168.96,4.761904762,8.448
s748-45-2862,748-45-2862,4,5.662,118.902,113.24,4.761904762,5.662
s234-36-2483,234-36-2483,6,17.277,362.817,345.54,4.761904762,17.277
s316-66-3011,316-66-3011,9,21.4335,450.1035,428.67,4.761904762,21.4335
s848-95-6252,848-95-6252,1,4.3135,90.5835,86.27,4.761904762,4.3135
s840-76-5966,840-76-5966,2,1.276,26.796,25.52,4.761904762,1.276
s152-03-4217,152-03-4217,9,5.076,106.596,101.52,4.761904762,5.076
s533-66-5566,533-66-5566,7,17.8745,375.3645,357.49,4.761904762,17.8745
s124-31-1458,124-31-1458,3,11.9385,250.7085,238.77,4.761904762,11.9385
s176-78-1170,176-78-1170,3,5.0715,106.5015,101.43,4.761904762,5.0715
s361-59-0574,361-59-0574,8,36.212,760.452,724.24,4.761904762,36.212
s101-81-4070,101-81-4070,2,6.282,131.922,125.64,4.761904762,6.282
s631-34-1880,631-34-1880,3,3.6465,76.5765,72.93,4.761904762,3.6465
s852-82-2749,852-82-2749,4,12.918,271.278,258.36,4.761904762,12.918
s873-14-6353,873-14-6353,7,8.687,182.427,173.74,4.761904762,8.687
s584-66-4073,584-66-4073,1,2.825,59.325,56.5,4.761904762,2.825
s544-55-9589,544-55-9589,10,10.715,225.015,214.3,4.761904762,10.715
s166-19-2553,166-19-2553,6,26.718,561.078,534.36,4.761904762,26.718
s737-88-5876,737-88-5876,4,4.658,97.818,93.16,4.761904762,4.658
s154-87-7367,154-87-7367,8,26.104,548.184,522.08,4.761904762,26.104
s885-56-0389,885-56-0389,1,2.6175,54.9675,52.35,4.761904762,2.6175
s608-05-3804,608-05-3804,1,1.9875,41.7375,39.75,4.761904762,1.9875
s448-61-3783,448-61-3783,8,36.008,756.168,720.16,4.761904762,36.008
s761-49-0439,761-49-0439,8,4.84,101.64,96.8,4.761904762,4.84
s490-95-0021,490-95-0021,10,16.605,348.705,332.1,4.761904762,16.605
s115-38-7388,115-38-7388,8,4.072,85.512,81.44,4.761904762,4.072
s311-13-6971,311-13-6971,10,15.995,335.895,319.9,4.761904762,15.995
s291-55-6563,291-55-6563,6,10.326,216.846,206.52,4.761904762,10.326
s548-48-3156,548-48-3156,2,8.334,175.014,166.68,4.761904762,8.334
s460-93-5834,460-93-5834,7,15.953,335.013,319.06,4.761904762,15.953
s325-89-4209,325-89-4209,1,4.395,92.295,87.9,4.761904762,4.395
s884-80-6021,884-80-6021,10,36.735,771.435,734.7,4.761904762,36.735
s137-74-8729,137-74-8729,8,4.876,102.396,97.52,4.761904762,4.876
s880-46-5796,880-46-5796,10,38.46,807.66,769.2,4.761904762,38.46
s389-70-2397,389-70-2397,5,20.915,439.215,418.3,4.761904762,20.915
s114-35-5271,114-35-5271,8,23.164,486.444,463.28,4.761904762,23.164
s607-76-6216,607-76-6216,5,23.1225,485.5725,462.45,4.761904762,23.1225
s715-20-1673,715-20-1673,5,7.095,148.995,141.9,4.761904762,7.095
s811-35-1094,811-35-1094,6,15.135,317.835,302.7,4.761904762,15.135
s699-88-1972,699-88-1972,8,39.664,832.944,793.28,4.761904762,39.664
s781-84-8059,781-84-8059,7,21.259,446.439,425.18,4.761904762,21.259
s409-49-6995,409-49-6995,6,14.181,297.801,283.62,4.761904762,14.181
s725-54-0677,725-54-0677,7,29.96,629.16,599.2,4.761904762,29.96
s146-09-5432,146-09-5432,9,15.768,331.128,315.36,4.761904762,15.768
s377-79-7592,377-79-7592,9,20.178,423.738,403.56,4.761904762,20.178
s509-10-0516,509-10-0516,4,9.194,193.074,183.88,4.761904762,9.194
s595-94-9924,595-94-9924,5,6.9325,145.5825,138.65,4.761904762,6.9325
s865-41-9075,865-41-9075,7,4.0355,84.7455,80.71,4.761904762,4.0355
s545-07-8534,545-07-8534,2,5.832,122.472,116.64,4.761904762,5.832
s118-62-1812,118-62-1812,4,15.676,329.196,313.52,4.761904762,15.676
s450-42-3339,450-42-3339,10,42.305,888.405,846.1,4.761904762,42.305
s851-98-3555,851-98-3555,5,20.72,435.12,414.4,4.761904762,20.72
s186-71-5196,186-71-5196,2,7.954,167.034,159.08,4.761904762,7.954
s624-01-8356,624-01-8356,10,24.505,514.605,490.1,4.761904762,24.505
s313-66-9943,313-66-9943,3,4.3725,91.8225,87.45,4.761904762,4.3725
s151-27-8496,151-27-8496,4,11.226,235.746,224.52,4.761904762,11.226
s453-33-6436,453-33-6436,8,37.248,782.208,744.96,4.761904762,37.248
s522-57-8364,522-57-8364,8,20.536,431.256,410.72,4.761904762,20.536
s459-45-2396,459-45-2396,3,14.94,313.74,298.8,4.761904762,14.94
s717-96-4189,717-96-4189,6,10.647,223.587,212.94,4.761904762,10.647
s722-13-2115,722-13-2115,1,2.1425,44.9925,42.85,4.761904762,2.1425
s749-81-8133,749-81-8133,4,18.934,397.614,378.68,4.761904762,18.934
s777-67-2495,777-67-2495,3,10.3455,217.2555,206.91,4.761904762,10.3455
s636-98-3364,636-98-3364,3,3.939,82.719,78.78,4.761904762,3.939
s246-55-6923,246-55-6923,9,16.1055,338.2155,322.11,4.761904762,16.1055
s181-82-6255,181-82-6255,6,4.911,103.131,98.22,4.761904762,4.911
s838-02-1821,838-02-1821,2,1.273,26.733,25.46,4.761904762,1.273
s887-42-0517,887-42-0517,7,29.099,611.079,581.98,4.761904762,29.099
s457-12-0244,457-12-0244,6,10.566,221.886,211.32,4.761904762,10.566
s226-34-0034,226-34-0034,4,2.756,57.876,55.12,4.761904762,2.756
s321-49-7382,321-49-7382,1,4.4155,92.7255,88.31,4.761904762,4.4155
s397-25-8725,397-25-8725,9,17.829,374.409,356.58,4.761904762,17.829
s431-66-2305,431-66-2305,9,39.7125,833.9625,794.25,4.761904762,39.7125
s825-94-5922,825-94-5922,2,2.531,53.151,50.62,4.761904762,2.531
s641-62-7288,641-62-7288,6,29.976,629.496,599.52,4.761904762,29.976
s756-93-1854,756-93-1854,2,8.335,175.035,166.7,4.761904762,8.335
s243-55-8457,243-55-8457,10,37.22,781.62,744.4,4.761904762,37.22
s458-10-8612,458-10-8612,7,22.428,470.988,448.56,4.761904762,22.428
s501-61-1753,501-61-1753,6,18.945,397.845,378.9,4.761904762,18.945
s235-06-8510,235-06-8510,3,12.858,270.018,257.16,4.761904762,12.858
s433-08-7822,433-08-7822,7,27.6115,579.8415,552.23,4.761904762,27.6115
s361-85-2571,361-85-2571,5,22.37,469.77,447.4,4.761904762,22.37
s131-70-8179,131-70-8179,3,13.8135,290.0835,276.27,4.761904762,13.8135
s500-02-2261,500-02-2261,6,17.187,360.927,343.74,4.761904762,17.187
s720-72-2436,720-72-2436,4,13.304,279.384,266.08,4.761904762,13.304
s702-83-5291,702-83-5291,9,44.919,943.299,898.38,4.761904762,44.919
s809-69-9497,809-69-9497,10,22.84,479.64,456.8,4.761904762,22.84
s449-16-6770,449-16-6770,5,12.6975,266.6475,253.95,4.761904762,12.6975
s333-23-2632,333-23-2632,7,3.528,74.088,70.56,4.761904762,3.528
s489-82-1237,489-82-1237,7,32.858,690.018,657.16,4.761904762,32.858
s859-97-6048,859-97-6048,2,8.425,176.925,168.5,4.761904762,8.425
s676-10-2200,676-10-2200,1,2.689,56.469,53.78,4.761904762,2.689
s373-88-1424,373-88-1424,5,8.9525,188.0025,179.05,4.761904762,8.9525
s365-16-4334,365-16-4334,8,10.572,222.012,211.44,4.761904762,10.572
s503-21-4385,503-21-4385,3,5.9865,125.7165,119.73,4.761904762,5.9865
s305-89-2768,305-89-2768,3,3.285,68.985,65.7,4.761904762,3.285
s574-80-1489,574-80-1489,4,12.57,263.97,251.4,4.761904762,12.57
s784-08-0310,784-08-0310,4,4.208,88.368,84.16,4.761904762,4.208
s200-40-6154,200-40-6154,6,19.773,415.233,395.46,4.761904762,19.773
s846-10-0341,846-10-0341,7,14.8995,312.8895,297.99,4.761904762,14.8995
s577-34-7579,577-34-7579,9,22.7205,477.1305,454.41,4.761904762,22.7205
s430-02-3888,430-02-3888,6,13.806,289.926,276.12,4.761904762,13.806
s867-47-1948,867-47-1948,10,7.9,165.9,158,4.761904762,7.9
s384-59-6655,384-59-6655,9,44.397,932.337,887.94,4.761904762,44.397
s256-58-3609,256-58-3609,1,4.599,96.579,91.98,4.761904762,4.599
s324-92-3863,324-92-3863,2,2.089,43.869,41.78,4.761904762,2.089
s593-08-5916,593-08-5916,1,0.775,16.275,15.5,4.761904762,0.775
s364-34-2972,364-34-2972,3,14.523,304.983,290.46,4.761904762,14.523
s794-42-3736,794-42-3736,2,3.333,69.993,66.66,4.761904762,3.333
s172-42-8274,172-42-8274,2,3.827,80.367,76.54,4.761904762,3.827
s558-60-5016,558-60-5016,9,14.985,314.685,299.7,4.761904762,14.985
s195-06-0432,195-06-0432,3,12.1515,255.1815,243.03,4.761904762,12.1515
s605-03-2706,605-03-2706,3,2.37,49.77,47.4,4.761904762,2.37
s214-30-2776,214-30-2776,5,8.6225,181.0725,172.45,4.761904762,8.6225
s746-04-1077,746-04-1077,10,42.315,888.615,846.3,4.761904762,42.315
s448-34-8700,448-34-8700,7,12.9185,271.2885,258.37,4.761904762,12.9185
s452-04-8808,452-04-8808,7,30.478,640.038,609.56,4.761904762,30.478
s531-56-4728,531-56-4728,3,12.012,252.252,240.24,4.761904762,12.012
s744-82-9138,744-82-9138,2,8.613,180.873,172.26,4.761904762,8.613
s883-69-1285,883-69-1285,2,4.992,104.832,99.84,4.761904762,4.992
s221-25-5073,221-25-5073,4,14.932,313.572,298.64,4.761904762,14.932
s518-71-6847,518-71-6847,6,7.98,167.58,159.6,4.761904762,7.98
s156-20-0370,156-20-0370,1,1.2725,26.7225,25.45,4.761904762,1.2725
s151-33-7434,151-33-7434,1,3.3885,71.1585,67.77,4.761904762,3.3885
s728-47-9078,728-47-9078,4,11.918,250.278,238.36,4.761904762,11.918
s809-46-1866,809-46-1866,4,11.63,244.23,232.6,4.761904762,11.63
s139-32-4183,139-32-4183,9,43.866,921.186,877.32,4.761904762,43.866
s148-41-7930,148-41-7930,7,34.986,734.706,699.72,4.761904762,34.986
s189-40-5216,189-40-5216,7,33.7295,708.3195,674.59,4.761904762,33.7295
s374-38-5555,374-38-5555,5,15.9275,334.4775,318.55,4.761904762,15.9275
s764-44-8999,764-44-8999,2,1.476,30.996,29.52,4.761904762,1.476
s552-44-5977,552-44-5977,8,24.8,520.8,496,4.761904762,24.8
s267-62-7380,267-62-7380,10,41.17,864.57,823.4,4.761904762,41.17
s430-53-4718,430-53-4718,8,30.148,633.108,602.96,4.761904762,30.148
s886-18-2897,886-18-2897,5,14.14,296.94,282.8,4.761904762,14.14
s602-16-6955,602-16-6955,10,38.3,804.3,766,4.761904762,38.3
s745-74-0715,745-74-0715,2,5.803,121.863,116.06,4.761904762,5.803
s690-01-6631,690-01-6631,10,8.745,183.645,174.9,4.761904762,8.745
s652-49-6720,652-49-6720,1,3.0475,63.9975,60.95,4.761904762,3.0475
s233-67-5758,233-67-5758,1,2.0175,42.3675,40.35,4.761904762,2.0175
s303-96-2227,303-96-2227,10,48.69,1022.49,973.8,4.761904762,48.69
s727-02-1313,727-02-1313,1,1.592,33.432,31.84,4.761904762,1.592
s347-56-2442,347-56-2442,1,3.291,69.111,65.82,4.761904762,3.291
s849-09-3807,849-09-3807,7,30.919,649.299,618.38,4.761904762,30.919
